"cell","developmental_stage","study","ena_sample"
"E3.1.443","embryonic day 3","E-MTAB-3929","ERS887923"
"E3.1.444","embryonic day 3","E-MTAB-3929","ERS887924"
"E3.1.445","embryonic day 3","E-MTAB-3929","ERS887925"
"E3.1.447","embryonic day 3","E-MTAB-3929","ERS887926"
"E3.1.448","embryonic day 3","E-MTAB-3929","ERS887927"
"E3.2.449","embryonic day 3","E-MTAB-3929","ERS887928"
"E3.2.450","embryonic day 3","E-MTAB-3929","ERS887929"
"E3.2.452","embryonic day 3","E-MTAB-3929","ERS887930"
"E3.2.453","embryonic day 3","E-MTAB-3929","ERS887931"
"E3.2.454","embryonic day 3","E-MTAB-3929","ERS887932"
"E3.2.455","embryonic day 3","E-MTAB-3929","ERS887933"
"E3.2.467","embryonic day 3","E-MTAB-3929","ERS887935"
"E3.3.456","embryonic day 3","E-MTAB-3929","ERS887936"
"E3.3.457","embryonic day 3","E-MTAB-3929","ERS887937"
"E3.3.458","embryonic day 3","E-MTAB-3929","ERS887938"
"E3.3.459","embryonic day 3","E-MTAB-3929","ERS887939"
"E3.3.460","embryonic day 3","E-MTAB-3929","ERS887940"
"E3.4.462","embryonic day 3","E-MTAB-3929","ERS887941"
"E3.4.463","embryonic day 3","E-MTAB-3929","ERS887942"
"E3.4.465","embryonic day 3","E-MTAB-3929","ERS887943"
"E3.45.3374","embryonic day 3","E-MTAB-3929","ERS1079290"
"E3.45.3375","embryonic day 3","E-MTAB-3929","ERS1079291"
"E3.45.3376","embryonic day 3","E-MTAB-3929","ERS1079292"
"E3.45.3377","embryonic day 3","E-MTAB-3929","ERS1079293"
"E3.45.3378","embryonic day 3","E-MTAB-3929","ERS1079294"
"E3.45.3379","embryonic day 3","E-MTAB-3929","ERS1079295"
"E3.45.3380","embryonic day 3","E-MTAB-3929","ERS1079296"
"E3.45.3381","embryonic day 3","E-MTAB-3929","ERS1079297"
"E3.46.3382","embryonic day 3","E-MTAB-3929","ERS1079298"
"E3.46.3383","embryonic day 3","E-MTAB-3929","ERS1079299"
"E3.46.3385","embryonic day 3","E-MTAB-3929","ERS1079301"
"E3.46.3386","embryonic day 3","E-MTAB-3929","ERS1079302"
"E3.46.3387","embryonic day 3","E-MTAB-3929","ERS1079303"
"E3.46.3388","embryonic day 3","E-MTAB-3929","ERS1079304"
"E3.47.3389","embryonic day 3","E-MTAB-3929","ERS1079305"
"E3.47.3390","embryonic day 3","E-MTAB-3929","ERS1079306"
"E3.47.3391","embryonic day 3","E-MTAB-3929","ERS1079307"
"E3.47.3392","embryonic day 3","E-MTAB-3929","ERS1079308"
"E3.47.3393","embryonic day 3","E-MTAB-3929","ERS1079309"
"E3.47.3394","embryonic day 3","E-MTAB-3929","ERS1079310"
"E3.48.3396","embryonic day 3","E-MTAB-3929","ERS1079312"
"E3.48.3397","embryonic day 3","E-MTAB-3929","ERS1079313"
"E3.48.3398","embryonic day 3","E-MTAB-3929","ERS1079314"
"E3.48.3399","embryonic day 3","E-MTAB-3929","ERS1079315"
"E3.48.3400","embryonic day 3","E-MTAB-3929","ERS1079316"
"E3.48.3401","embryonic day 3","E-MTAB-3929","ERS1079317"
"E3.48.3402","embryonic day 3","E-MTAB-3929","ERS1079318"
"E3.49.3403","embryonic day 3","E-MTAB-3929","ERS1079319"
"E3.49.3405","embryonic day 3","E-MTAB-3929","ERS1079320"
"E3.49.3406","embryonic day 3","E-MTAB-3929","ERS1079321"
"E3.49.3407","embryonic day 3","E-MTAB-3929","ERS1079322"
"E3.49.3408","embryonic day 3","E-MTAB-3929","ERS1079323"
"E3.49.3409","embryonic day 3","E-MTAB-3929","ERS1079324"
"E3.49.3410","embryonic day 3","E-MTAB-3929","ERS1079325"
"E3.49.3411","embryonic day 3","E-MTAB-3929","ERS1079326"
"E3.50.3412","embryonic day 3","E-MTAB-3929","ERS1079327"
"E3.50.3413","embryonic day 3","E-MTAB-3929","ERS1079328"
"E3.50.3414","embryonic day 3","E-MTAB-3929","ERS1079329"
"E3.50.3415","embryonic day 3","E-MTAB-3929","ERS1079330"
"E3.50.3416","embryonic day 3","E-MTAB-3929","ERS1079331"
"E3.50.3417","embryonic day 3","E-MTAB-3929","ERS1079332"
"E3.51.3421","embryonic day 3","E-MTAB-3929","ERS1079334"
"E3.51.3422","embryonic day 3","E-MTAB-3929","ERS1079335"
"E3.51.3423","embryonic day 3","E-MTAB-3929","ERS1079336"
"E3.51.3426","embryonic day 3","E-MTAB-3929","ERS1079338"
"E3.52.3428","embryonic day 3","E-MTAB-3929","ERS1079339"
"E3.52.3429","embryonic day 3","E-MTAB-3929","ERS1079340"
"E3.52.3430","embryonic day 3","E-MTAB-3929","ERS1079341"
"E3.52.3431","embryonic day 3","E-MTAB-3929","ERS1079342"
"E3.52.3432","embryonic day 3","E-MTAB-3929","ERS1079343"
"E3.52.3433","embryonic day 3","E-MTAB-3929","ERS1079344"
"E3.52.3434","embryonic day 3","E-MTAB-3929","ERS1079345"
"E3.53.3436","embryonic day 3","E-MTAB-3929","ERS1079347"
"E3.53.3437","embryonic day 3","E-MTAB-3929","ERS1079348"
"E3.53.3438","embryonic day 3","E-MTAB-3929","ERS1079349"
"E4.1.1","embryonic day 4","E-MTAB-3929","ERS887944"
"E4.1.2","embryonic day 4","E-MTAB-3929","ERS887945"
"E4.1.3","embryonic day 4","E-MTAB-3929","ERS887946"
"E4.1.4","embryonic day 4","E-MTAB-3929","ERS887947"
"E4.1.7","embryonic day 4","E-MTAB-3929","ERS887948"
"E4.10.1219","embryonic day 4","E-MTAB-3929","ERS887949"
"E4.10.1221","embryonic day 4","E-MTAB-3929","ERS887950"
"E4.10.1223","embryonic day 4","E-MTAB-3929","ERS887951"
"E4.10.1225","embryonic day 4","E-MTAB-3929","ERS887952"
"E4.10.1228","embryonic day 4","E-MTAB-3929","ERS887954"
"E4.10.1229","embryonic day 4","E-MTAB-3929","ERS887955"
"E4.11.1258","embryonic day 4","E-MTAB-3929","ERS887960"
"E4.2.10","embryonic day 4","E-MTAB-3929","ERS887961"
"E4.2.13","embryonic day 4","E-MTAB-3929","ERS887962"
"E4.24_5_0_4.1","embryonic day 4","E-MTAB-3929","ERS887963"
"E4.24_5_0_4.10","embryonic day 4","E-MTAB-3929","ERS887964"
"E4.24_5_0_4.12","embryonic day 4","E-MTAB-3929","ERS887965"
"E4.24_5_0_4.3","embryonic day 4","E-MTAB-3929","ERS887967"
"E4.24_5_0_4.4","embryonic day 4","E-MTAB-3929","ERS887968"
"E4.24_5_0_4.5","embryonic day 4","E-MTAB-3929","ERS887969"
"E4.24_5_0_4.7","embryonic day 4","E-MTAB-3929","ERS887970"
"E4.24_5_0_4.9","embryonic day 4","E-MTAB-3929","ERS887971"
"E4.3.472","embryonic day 4","E-MTAB-3929","ERS887972"
"E4.3.473","embryonic day 4","E-MTAB-3929","ERS887973"
"E4.3.476","embryonic day 4","E-MTAB-3929","ERS887974"
"E4.3.478","embryonic day 4","E-MTAB-3929","ERS887975"
"E4.3.479","embryonic day 4","E-MTAB-3929","ERS887976"
"E4.3.481","embryonic day 4","E-MTAB-3929","ERS887978"
"E4.3.482","embryonic day 4","E-MTAB-3929","ERS887979"
"E4.3.484","embryonic day 4","E-MTAB-3929","ERS887980"
"E4.3.485","embryonic day 4","E-MTAB-3929","ERS887981"
"E4.3.486","embryonic day 4","E-MTAB-3929","ERS887982"
"E4.3.487","embryonic day 4","E-MTAB-3929","ERS887983"
"E4.3.488","embryonic day 4","E-MTAB-3929","ERS887984"
"E4.3.489","embryonic day 4","E-MTAB-3929","ERS887985"
"E4.3.490","embryonic day 4","E-MTAB-3929","ERS887986"
"E4.31_5_1.10","embryonic day 4","E-MTAB-3929","ERS887988"
"E4.31_5_1.11","embryonic day 4","E-MTAB-3929","ERS887989"
"E4.31_5_1.12","embryonic day 4","E-MTAB-3929","ERS887990"
"E4.31_5_1.2","embryonic day 4","E-MTAB-3929","ERS887991"
"E4.31_5_1.3","embryonic day 4","E-MTAB-3929","ERS887992"
"E4.31_5_1.4","embryonic day 4","E-MTAB-3929","ERS887993"
"E4.31_5_1.6","embryonic day 4","E-MTAB-3929","ERS887994"
"E4.31_5_1.8","embryonic day 4","E-MTAB-3929","ERS887995"
"E4.31_5_1.9","embryonic day 4","E-MTAB-3929","ERS887996"
"E4.4.492","embryonic day 4","E-MTAB-3929","ERS887997"
"E4.4.493","embryonic day 4","E-MTAB-3929","ERS887998"
"E4.4.494","embryonic day 4","E-MTAB-3929","ERS887999"
"E4.4.495","embryonic day 4","E-MTAB-3929","ERS888000"
"E4.4.496","embryonic day 4","E-MTAB-3929","ERS888001"
"E4.4.497","embryonic day 4","E-MTAB-3929","ERS888002"
"E4.4.498","embryonic day 4","E-MTAB-3929","ERS888003"
"E4.4.499","embryonic day 4","E-MTAB-3929","ERS888004"
"E4.4.500","embryonic day 4","E-MTAB-3929","ERS888005"
"E4.4.502","embryonic day 4","E-MTAB-3929","ERS888007"
"E4.4.503","embryonic day 4","E-MTAB-3929","ERS888008"
"E4.4.504","embryonic day 4","E-MTAB-3929","ERS888009"
"E4.4.505","embryonic day 4","E-MTAB-3929","ERS888010"
"E4.4.506","embryonic day 4","E-MTAB-3929","ERS888011"
"E4.4.507","embryonic day 4","E-MTAB-3929","ERS888012"
"E4.4.508","embryonic day 4","E-MTAB-3929","ERS888013"
"E4.4.509","embryonic day 4","E-MTAB-3929","ERS888014"
"E4.5.510","embryonic day 4","E-MTAB-3929","ERS888015"
"E4.5.511","embryonic day 4","E-MTAB-3929","ERS888016"
"E4.5.512","embryonic day 4","E-MTAB-3929","ERS888017"
"E4.5.513","embryonic day 4","E-MTAB-3929","ERS888018"
"E4.5.514","embryonic day 4","E-MTAB-3929","ERS888019"
"E4.5.517","embryonic day 4","E-MTAB-3929","ERS888021"
"E4.5.518","embryonic day 4","E-MTAB-3929","ERS888022"
"E4.5.520","embryonic day 4","E-MTAB-3929","ERS888024"
"E4.5.521","embryonic day 4","E-MTAB-3929","ERS888025"
"E4.5.522","embryonic day 4","E-MTAB-3929","ERS888026"
"E4.5.523","embryonic day 4","E-MTAB-3929","ERS888027"
"E4.5.524","embryonic day 4","E-MTAB-3929","ERS888028"
"E4.5.525","embryonic day 4","E-MTAB-3929","ERS888029"
"E4.5.526","embryonic day 4","E-MTAB-3929","ERS888030"
"E4.6.613","embryonic day 4","E-MTAB-3929","ERS888033"
"E4.6.614","embryonic day 4","E-MTAB-3929","ERS888034"
"E4.6.625","embryonic day 4","E-MTAB-3929","ERS888036"
"E4.6.627","embryonic day 4","E-MTAB-3929","ERS888037"
"E4.7.641","embryonic day 4","E-MTAB-3929","ERS888038"
"E4.7.645","embryonic day 4","E-MTAB-3929","ERS888042"
"E4.7.646","embryonic day 4","E-MTAB-3929","ERS888043"
"E4.7.647","embryonic day 4","E-MTAB-3929","ERS888044"
"E4.7.648","embryonic day 4","E-MTAB-3929","ERS888045"
"E4.8.1173","embryonic day 4","E-MTAB-3929","ERS888048"
"E4.8.1175","embryonic day 4","E-MTAB-3929","ERS888049"
"E4.8.1178","embryonic day 4","E-MTAB-3929","ERS888051"
"E4.8.1179","embryonic day 4","E-MTAB-3929","ERS888052"
"E4.8.1180","embryonic day 4","E-MTAB-3929","ERS888053"
"E4.8.1181","embryonic day 4","E-MTAB-3929","ERS888054"
"E4.8.1182","embryonic day 4","E-MTAB-3929","ERS888055"
"E4.8.1183","embryonic day 4","E-MTAB-3929","ERS888056"
"E4.8.1184","embryonic day 4","E-MTAB-3929","ERS888057"
"E4.8.1185","embryonic day 4","E-MTAB-3929","ERS888058"
"E4.8.1187","embryonic day 4","E-MTAB-3929","ERS888059"
"E4.8.1188","embryonic day 4","E-MTAB-3929","ERS888060"
"E4.8.1189","embryonic day 4","E-MTAB-3929","ERS888061"
"E4.8.1190","embryonic day 4","E-MTAB-3929","ERS888062"
"E4.8.1191","embryonic day 4","E-MTAB-3929","ERS888063"
"E4.8.1192","embryonic day 4","E-MTAB-3929","ERS888064"
"E4.8.1193","embryonic day 4","E-MTAB-3929","ERS888065"
"E4.8.1194","embryonic day 4","E-MTAB-3929","ERS888066"
"E4.9.1195","embryonic day 4","E-MTAB-3929","ERS888067"
"E4.9.1197","embryonic day 4","E-MTAB-3929","ERS888068"
"E4.9.1200","embryonic day 4","E-MTAB-3929","ERS888069"
"E4.9.1202","embryonic day 4","E-MTAB-3929","ERS888070"
"E4.9.1203","embryonic day 4","E-MTAB-3929","ERS888071"
"E4.9.1204","embryonic day 4","E-MTAB-3929","ERS888072"
"E4.9.1205","embryonic day 4","E-MTAB-3929","ERS888073"
"E4.9.1206","embryonic day 4","E-MTAB-3929","ERS888074"
"E4.9.1207","embryonic day 4","E-MTAB-3929","ERS888075"
"E4.9.1208","embryonic day 4","E-MTAB-3929","ERS888076"
"E4.9.1209","embryonic day 4","E-MTAB-3929","ERS888077"
"E4.9.1210","embryonic day 4","E-MTAB-3929","ERS888078"
"E4.9.1211","embryonic day 4","E-MTAB-3929","ERS888079"
"E4.9.1212","embryonic day 4","E-MTAB-3929","ERS888080"
"E4.9.1213","embryonic day 4","E-MTAB-3929","ERS888081"
"E4.9.1214","embryonic day 4","E-MTAB-3929","ERS888082"
"E4.9.1215","embryonic day 4","E-MTAB-3929","ERS888083"
"E4.late.33.3157","embryonic day 4","E-MTAB-3929","ERS888086"
"E4.late.33.3158","embryonic day 4","E-MTAB-3929","ERS888087"
"E4.late.33.3159","embryonic day 4","E-MTAB-3929","ERS888088"
"E4.late.33.3160","embryonic day 4","E-MTAB-3929","ERS888089"
"E4.late.33.3161","embryonic day 4","E-MTAB-3929","ERS888090"
"E4.late.33.3162","embryonic day 4","E-MTAB-3929","ERS888091"
"E4.late.33.3163","embryonic day 4","E-MTAB-3929","ERS888092"
"E4.late.33.3165","embryonic day 4","E-MTAB-3929","ERS888094"
"E4.late.33.3166","embryonic day 4","E-MTAB-3929","ERS888095"
"E4.late.33.3167","embryonic day 4","E-MTAB-3929","ERS888096"
"E4.late.34.3170","embryonic day 4","E-MTAB-3929","ERS888098"
"E4.late.34.3171","embryonic day 4","E-MTAB-3929","ERS888099"
"E4.late.34.3172","embryonic day 4","E-MTAB-3929","ERS888100"
"E4.late.34.3173","embryonic day 4","E-MTAB-3929","ERS888101"
"E4.late.34.3174","embryonic day 4","E-MTAB-3929","ERS888102"
"E4.late.34.3175","embryonic day 4","E-MTAB-3929","ERS888103"
"E4.late.34.3176","embryonic day 4","E-MTAB-3929","ERS888104"
"E4.late.34.3178","embryonic day 4","E-MTAB-3929","ERS888105"
"E4.late.34.3180","embryonic day 4","E-MTAB-3929","ERS888107"
"E4.late.34.3182","embryonic day 4","E-MTAB-3929","ERS888109"
"E4.late.34.3183","embryonic day 4","E-MTAB-3929","ERS888110"
"E4.late.34.3184","embryonic day 4","E-MTAB-3929","ERS888111"
"E4.late.34.3188","embryonic day 4","E-MTAB-3929","ERS888114"
"E4.late.35.3193","embryonic day 4","E-MTAB-3929","ERS888119"
"E4.late.35.3196","embryonic day 4","E-MTAB-3929","ERS888121"
"E4.late.35.3197","embryonic day 4","E-MTAB-3929","ERS888122"
"E4.late.35.3199","embryonic day 4","E-MTAB-3929","ERS888123"
"E4.late.35.3200","embryonic day 4","E-MTAB-3929","ERS888124"
"E4.late.35.3201","embryonic day 4","E-MTAB-3929","ERS888125"
"E4.late.35.3203","embryonic day 4","E-MTAB-3929","ERS888127"
"E4.late.35.3204","embryonic day 4","E-MTAB-3929","ERS888128"
"E4.late.35.3205","embryonic day 4","E-MTAB-3929","ERS888129"
"E4.late.35.3207","embryonic day 4","E-MTAB-3929","ERS888130"
"E4.late.35.3208","embryonic day 4","E-MTAB-3929","ERS888131"
"E5.1.26","embryonic day 5","E-MTAB-3929","ERS888134"
"E5.1.28","embryonic day 5","E-MTAB-3929","ERS888135"
"E5.1.30","embryonic day 5","E-MTAB-3929","ERS888136"
"E5.1.31","embryonic day 5","E-MTAB-3929","ERS888137"
"E5.1.32","embryonic day 5","E-MTAB-3929","ERS888138"
"E5.10.932","embryonic day 5","E-MTAB-3929","ERS888139"
"E5.10.936","embryonic day 5","E-MTAB-3929","ERS888143"
"E5.10.937","embryonic day 5","E-MTAB-3929","ERS888144"
"E5.10.939","embryonic day 5","E-MTAB-3929","ERS888146"
"E5.10.942","embryonic day 5","E-MTAB-3929","ERS888149"
"E5.10.943","embryonic day 5","E-MTAB-3929","ERS888150"
"E5.10.944","embryonic day 5","E-MTAB-3929","ERS888151"
"E5.10.947","embryonic day 5","E-MTAB-3929","ERS888153"
"E5.10.948","embryonic day 5","E-MTAB-3929","ERS888154"
"E5.10.950","embryonic day 5","E-MTAB-3929","ERS888156"
"E5.11.951","embryonic day 5","E-MTAB-3929","ERS888157"
"E5.11.952","embryonic day 5","E-MTAB-3929","ERS888158"
"E5.11.953","embryonic day 5","E-MTAB-3929","ERS888159"
"E5.11.955","embryonic day 5","E-MTAB-3929","ERS888160"
"E5.11.956","embryonic day 5","E-MTAB-3929","ERS888161"
"E5.11.957","embryonic day 5","E-MTAB-3929","ERS888162"
"E5.11.959","embryonic day 5","E-MTAB-3929","ERS888163"
"E5.11.960","embryonic day 5","E-MTAB-3929","ERS888164"
"E5.11.961","embryonic day 5","E-MTAB-3929","ERS888165"
"E5.11.964","embryonic day 5","E-MTAB-3929","ERS888168"
"E5.11.965","embryonic day 5","E-MTAB-3929","ERS888169"
"E5.11.966","embryonic day 5","E-MTAB-3929","ERS888170"
"E5.12.1031","embryonic day 5","E-MTAB-3929","ERS888174"
"E5.12.1034","embryonic day 5","E-MTAB-3929","ERS888176"
"E5.12.1036","embryonic day 5","E-MTAB-3929","ERS888178"
"E5.12.1041","embryonic day 5","E-MTAB-3929","ERS888182"
"E5.13.1750","embryonic day 5","E-MTAB-3929","ERS888184"
"E5.13.1751","embryonic day 5","E-MTAB-3929","ERS888185"
"E5.13.1753","embryonic day 5","E-MTAB-3929","ERS888187"
"E5.13.1754","embryonic day 5","E-MTAB-3929","ERS888188"
"E5.13.1755","embryonic day 5","E-MTAB-3929","ERS888189"
"E5.13.1757","embryonic day 5","E-MTAB-3929","ERS888191"
"E5.13.1759","embryonic day 5","E-MTAB-3929","ERS888193"
"E5.13.1760","embryonic day 5","E-MTAB-3929","ERS888194"
"E5.13.1761","embryonic day 5","E-MTAB-3929","ERS888195"
"E5.13.1762","embryonic day 5","E-MTAB-3929","ERS888196"
"E5.13.1763","embryonic day 5","E-MTAB-3929","ERS888197"
"E5.13.1764","embryonic day 5","E-MTAB-3929","ERS888198"
"E5.13.1765","embryonic day 5","E-MTAB-3929","ERS888199"
"E5.13.1766","embryonic day 5","E-MTAB-3929","ERS888200"
"E5.13.1767","embryonic day 5","E-MTAB-3929","ERS888201"
"E5.13.1768","embryonic day 5","E-MTAB-3929","ERS888202"
"E5.13.1770","embryonic day 5","E-MTAB-3929","ERS888204"
"E5.13.1771","embryonic day 5","E-MTAB-3929","ERS888205"
"E5.13.1773","embryonic day 5","E-MTAB-3929","ERS888206"
"E5.13.1774","embryonic day 5","E-MTAB-3929","ERS888207"
"E5.13.1775","embryonic day 5","E-MTAB-3929","ERS888208"
"E5.13.1776","embryonic day 5","E-MTAB-3929","ERS888209"
"E5.13.1777","embryonic day 5","E-MTAB-3929","ERS888210"
"E5.13.1778","embryonic day 5","E-MTAB-3929","ERS888211"
"E5.13.1779","embryonic day 5","E-MTAB-3929","ERS888212"
"E5.13.1780","embryonic day 5","E-MTAB-3929","ERS888213"
"E5.13.1781","embryonic day 5","E-MTAB-3929","ERS888214"
"E5.14.1782","embryonic day 5","E-MTAB-3929","ERS888215"
"E5.14.1783","embryonic day 5","E-MTAB-3929","ERS888216"
"E5.14.1784","embryonic day 5","E-MTAB-3929","ERS888217"
"E5.14.1786","embryonic day 5","E-MTAB-3929","ERS888219"
"E5.14.1787","embryonic day 5","E-MTAB-3929","ERS888220"
"E5.14.1788","embryonic day 5","E-MTAB-3929","ERS888221"
"E5.14.1789","embryonic day 5","E-MTAB-3929","ERS888222"
"E5.14.1790","embryonic day 5","E-MTAB-3929","ERS888223"
"E5.14.1792","embryonic day 5","E-MTAB-3929","ERS888225"
"E5.14.1793","embryonic day 5","E-MTAB-3929","ERS888226"
"E5.14.1794","embryonic day 5","E-MTAB-3929","ERS888227"
"E5.14.1795","embryonic day 5","E-MTAB-3929","ERS888228"
"E5.14.1797","embryonic day 5","E-MTAB-3929","ERS888229"
"E5.14.1806","embryonic day 5","E-MTAB-3929","ERS888232"
"E5.14.1807","embryonic day 5","E-MTAB-3929","ERS888233"
"E5.14.1811","embryonic day 5","E-MTAB-3929","ERS888235"
"E5.14.1813","embryonic day 5","E-MTAB-3929","ERS888237"
"E5.14.1916","embryonic day 5","E-MTAB-3929","ERS888238"
"E5.14.1918","embryonic day 5","E-MTAB-3929","ERS888240"
"E5.14.1919","embryonic day 5","E-MTAB-3929","ERS888241"
"E5.14.1923","embryonic day 5","E-MTAB-3929","ERS888242"
"E5.14.1924","embryonic day 5","E-MTAB-3929","ERS888243"
"E5.15.1823","embryonic day 5","E-MTAB-3929","ERS888248"
"E5.15.1826","embryonic day 5","E-MTAB-3929","ERS888251"
"E5.15.1827","embryonic day 5","E-MTAB-3929","ERS888252"
"E5.15.1828","embryonic day 5","E-MTAB-3929","ERS888253"
"E5.15.1829","embryonic day 5","E-MTAB-3929","ERS888254"
"E5.15.1831","embryonic day 5","E-MTAB-3929","ERS888256"
"E5.15.1834","embryonic day 5","E-MTAB-3929","ERS888257"
"E5.15.1835","embryonic day 5","E-MTAB-3929","ERS888258"
"E5.15.1836","embryonic day 5","E-MTAB-3929","ERS888259"
"E5.15.1837","embryonic day 5","E-MTAB-3929","ERS888260"
"E5.15.1838","embryonic day 5","E-MTAB-3929","ERS888261"
"E5.15.1839","embryonic day 5","E-MTAB-3929","ERS888262"
"E5.15.1840","embryonic day 5","E-MTAB-3929","ERS888263"
"E5.15.1841","embryonic day 5","E-MTAB-3929","ERS888264"
"E5.15.1842","embryonic day 5","E-MTAB-3929","ERS888265"
"E5.15.1843","embryonic day 5","E-MTAB-3929","ERS888266"
"E5.15.1844","embryonic day 5","E-MTAB-3929","ERS888267"
"E5.15.1845","embryonic day 5","E-MTAB-3929","ERS888268"
"E5.16.1887","embryonic day 5","E-MTAB-3929","ERS888271"
"E5.16.1888","embryonic day 5","E-MTAB-3929","ERS888272"
"E5.16.1890","embryonic day 5","E-MTAB-3929","ERS888274"
"E5.16.1891","embryonic day 5","E-MTAB-3929","ERS888275"
"E5.16.1894","embryonic day 5","E-MTAB-3929","ERS888277"
"E5.16.1895","embryonic day 5","E-MTAB-3929","ERS888278"
"E5.16.1896","embryonic day 5","E-MTAB-3929","ERS888279"
"E5.16.1897","embryonic day 5","E-MTAB-3929","ERS888280"
"E5.16.1898","embryonic day 5","E-MTAB-3929","ERS888281"
"E5.16.1901","embryonic day 5","E-MTAB-3929","ERS888284"
"E5.16.1903","embryonic day 5","E-MTAB-3929","ERS888285"
"E5.16.1904","embryonic day 5","E-MTAB-3929","ERS888286"
"E5.16.1905","embryonic day 5","E-MTAB-3929","ERS888287"
"E5.16.1906","embryonic day 5","E-MTAB-3929","ERS888288"
"E5.16.1907","embryonic day 5","E-MTAB-3929","ERS888289"
"E5.16.1908","embryonic day 5","E-MTAB-3929","ERS888290"
"E5.16.1909","embryonic day 5","E-MTAB-3929","ERS888291"
"E5.16.1910","embryonic day 5","E-MTAB-3929","ERS888292"
"E5.16.1912","embryonic day 5","E-MTAB-3929","ERS888294"
"E5.16.1913","embryonic day 5","E-MTAB-3929","ERS888295"
"E5.16.1914","embryonic day 5","E-MTAB-3929","ERS888296"
"E5.2.38","embryonic day 5","E-MTAB-3929","ERS888298"
"E5.2.40","embryonic day 5","E-MTAB-3929","ERS888299"
"E5.2.41","embryonic day 5","E-MTAB-3929","ERS888300"
"E5.2.42","embryonic day 5","E-MTAB-3929","ERS888301"
"E5.2.43","embryonic day 5","E-MTAB-3929","ERS888302"
"E5.2.45","embryonic day 5","E-MTAB-3929","ERS888303"
"E5.2.46","embryonic day 5","E-MTAB-3929","ERS888304"
"E5.2.47","embryonic day 5","E-MTAB-3929","ERS888305"
"E5.2.48","embryonic day 5","E-MTAB-3929","ERS888306"
"E5.3.49","embryonic day 5","E-MTAB-3929","ERS888307"
"E5.3.50","embryonic day 5","E-MTAB-3929","ERS888308"
"E5.3.51","embryonic day 5","E-MTAB-3929","ERS888309"
"E5.3.52","embryonic day 5","E-MTAB-3929","ERS888310"
"E5.3.54","embryonic day 5","E-MTAB-3929","ERS888311"
"E5.3.55","embryonic day 5","E-MTAB-3929","ERS888312"
"E5.3.56","embryonic day 5","E-MTAB-3929","ERS888313"
"E5.3.57","embryonic day 5","E-MTAB-3929","ERS888314"
"E5.3.58","embryonic day 5","E-MTAB-3929","ERS888315"
"E5.3.59","embryonic day 5","E-MTAB-3929","ERS888316"
"E5.3.61","embryonic day 5","E-MTAB-3929","ERS888318"
"E5.37.3232","embryonic day 5","E-MTAB-3929","ERS888320"
"E5.37.3234","embryonic day 5","E-MTAB-3929","ERS888321"
"E5.37.3235","embryonic day 5","E-MTAB-3929","ERS888322"
"E5.37.3237","embryonic day 5","E-MTAB-3929","ERS888323"
"E5.37.3239","embryonic day 5","E-MTAB-3929","ERS888324"
"E5.37.3242","embryonic day 5","E-MTAB-3929","ERS888326"
"E5.37.3243","embryonic day 5","E-MTAB-3929","ERS888327"
"E5.37.3245","embryonic day 5","E-MTAB-3929","ERS888328"
"E5.37.3246","embryonic day 5","E-MTAB-3929","ERS888329"
"E5.37.3247","embryonic day 5","E-MTAB-3929","ERS888330"
"E5.38.3255","embryonic day 5","E-MTAB-3929","ERS888332"
"E5.39.3262","embryonic day 5","E-MTAB-3929","ERS888334"
"E5.39.3264","embryonic day 5","E-MTAB-3929","ERS888336"
"E5.40.3279","embryonic day 5","E-MTAB-3929","ERS888342"
"E5.40.3280","embryonic day 5","E-MTAB-3929","ERS888343"
"E5.40.3281","embryonic day 5","E-MTAB-3929","ERS888344"
"E5.40.3282","embryonic day 5","E-MTAB-3929","ERS888345"
"E5.40.3283","embryonic day 5","E-MTAB-3929","ERS888346"
"E5.40.3284","embryonic day 5","E-MTAB-3929","ERS888347"
"E5.40.3286","embryonic day 5","E-MTAB-3929","ERS888349"
"E5.40.3287","embryonic day 5","E-MTAB-3929","ERS888350"
"E5.40.3288","embryonic day 5","E-MTAB-3929","ERS888351"
"E5.40.3289","embryonic day 5","E-MTAB-3929","ERS888352"
"E5.40.3290","embryonic day 5","E-MTAB-3929","ERS888353"
"E5.40.3291","embryonic day 5","E-MTAB-3929","ERS888354"
"E5.40.3292","embryonic day 5","E-MTAB-3929","ERS888355"
"E5.40.3294","embryonic day 5","E-MTAB-3929","ERS888357"
"E5.40.3296","embryonic day 5","E-MTAB-3929","ERS888358"
"E5.40.3297","embryonic day 5","E-MTAB-3929","ERS888359"
"E5.40.3298","embryonic day 5","E-MTAB-3929","ERS888360"
"E5.40.3299","embryonic day 5","E-MTAB-3929","ERS888361"
"E5.40.3301","embryonic day 5","E-MTAB-3929","ERS888363"
"E5.40.3302","embryonic day 5","E-MTAB-3929","ERS888364"
"E5.40.3303","embryonic day 5","E-MTAB-3929","ERS888365"
"E5.40.3304","embryonic day 5","E-MTAB-3929","ERS888366"
"E5.41.3305","embryonic day 5","E-MTAB-3929","ERS888367"
"E5.41.3306","embryonic day 5","E-MTAB-3929","ERS888368"
"E5.41.3307","embryonic day 5","E-MTAB-3929","ERS888369"
"E5.41.3308","embryonic day 5","E-MTAB-3929","ERS888370"
"E5.41.3309","embryonic day 5","E-MTAB-3929","ERS888371"
"E5.41.3310","embryonic day 5","E-MTAB-3929","ERS888372"
"E5.41.3313","embryonic day 5","E-MTAB-3929","ERS888373"
"E5.41.3315","embryonic day 5","E-MTAB-3929","ERS888374"
"E5.41.3317","embryonic day 5","E-MTAB-3929","ERS888376"
"E5.41.3318","embryonic day 5","E-MTAB-3929","ERS888377"
"E5.41.3321","embryonic day 5","E-MTAB-3929","ERS888378"
"E5.41.3322","embryonic day 5","E-MTAB-3929","ERS888379"
"E5.41.3323","embryonic day 5","E-MTAB-3929","ERS888380"
"E5.41.3324","embryonic day 5","E-MTAB-3929","ERS888381"
"E5.41.3325","embryonic day 5","E-MTAB-3929","ERS888382"
"E5.41.3326","embryonic day 5","E-MTAB-3929","ERS888383"
"E5.41.3327","embryonic day 5","E-MTAB-3929","ERS888384"
"E5.41.3328","embryonic day 5","E-MTAB-3929","ERS888385"
"E5.42.3329","embryonic day 5","E-MTAB-3929","ERS888386"
"E5.42.3330","embryonic day 5","E-MTAB-3929","ERS888387"
"E5.42.3331","embryonic day 5","E-MTAB-3929","ERS888388"
"E5.42.3332","embryonic day 5","E-MTAB-3929","ERS888389"
"E5.42.3333","embryonic day 5","E-MTAB-3929","ERS888390"
"E5.42.3334","embryonic day 5","E-MTAB-3929","ERS888391"
"E5.42.3335","embryonic day 5","E-MTAB-3929","ERS888392"
"E5.42.3336","embryonic day 5","E-MTAB-3929","ERS888393"
"E5.42.3337","embryonic day 5","E-MTAB-3929","ERS888394"
"E5.42.3340","embryonic day 5","E-MTAB-3929","ERS888395"
"E5.43.3343","embryonic day 5","E-MTAB-3929","ERS888396"
"E5.43.3347","embryonic day 5","E-MTAB-3929","ERS888397"
"E5.43.3348","embryonic day 5","E-MTAB-3929","ERS888398"
"E5.43.3350","embryonic day 5","E-MTAB-3929","ERS888400"
"E5.43.3352","embryonic day 5","E-MTAB-3929","ERS888401"
"E5.43.3353","embryonic day 5","E-MTAB-3929","ERS888402"
"E5.43.3354","embryonic day 5","E-MTAB-3929","ERS888403"
"E5.43.3355","embryonic day 5","E-MTAB-3929","ERS888404"
"E5.43.3356","embryonic day 5","E-MTAB-3929","ERS888405"
"E5.43.3357","embryonic day 5","E-MTAB-3929","ERS888406"
"E5.43.3358","embryonic day 5","E-MTAB-3929","ERS888407"
"E5.43.3359","embryonic day 5","E-MTAB-3929","ERS888408"
"E5.43.3360","embryonic day 5","E-MTAB-3929","ERS888409"
"E5.43.3361","embryonic day 5","E-MTAB-3929","ERS888410"
"E5.43.3362","embryonic day 5","E-MTAB-3929","ERS888411"
"E5.43.3363","embryonic day 5","E-MTAB-3929","ERS888412"
"E5.43.3364","embryonic day 5","E-MTAB-3929","ERS888413"
"E5.43.3365","embryonic day 5","E-MTAB-3929","ERS888414"
"E5.5.100","embryonic day 5","E-MTAB-3929","ERS888415"
"E5.5.101","embryonic day 5","E-MTAB-3929","ERS888416"
"E5.5.91","embryonic day 5","E-MTAB-3929","ERS888417"
"E5.5.92","embryonic day 5","E-MTAB-3929","ERS888418"
"E5.5.93","embryonic day 5","E-MTAB-3929","ERS888419"
"E5.5.95","embryonic day 5","E-MTAB-3929","ERS888421"
"E5.5.96","embryonic day 5","E-MTAB-3929","ERS888422"
"E5.5.97","embryonic day 5","E-MTAB-3929","ERS888423"
"E5.5.98","embryonic day 5","E-MTAB-3929","ERS888424"
"E5.5.99","embryonic day 5","E-MTAB-3929","ERS888425"
"E5.6.361","embryonic day 5","E-MTAB-3929","ERS888427"
"E5.6.362","embryonic day 5","E-MTAB-3929","ERS888428"
"E5.6.364","embryonic day 5","E-MTAB-3929","ERS888430"
"E5.6.365","embryonic day 5","E-MTAB-3929","ERS888431"
"E5.6.371","embryonic day 5","E-MTAB-3929","ERS888434"
"E5.6.372","embryonic day 5","E-MTAB-3929","ERS888435"
"E5.6.375","embryonic day 5","E-MTAB-3929","ERS888437"
"E5.6.379","embryonic day 5","E-MTAB-3929","ERS888438"
"E5.6.382","embryonic day 5","E-MTAB-3929","ERS888439"
"E5.7.674","embryonic day 5","E-MTAB-3929","ERS888440"
"E5.7.675","embryonic day 5","E-MTAB-3929","ERS888441"
"E5.7.676","embryonic day 5","E-MTAB-3929","ERS888442"
"E5.7.677","embryonic day 5","E-MTAB-3929","ERS888443"
"E5.7.678","embryonic day 5","E-MTAB-3929","ERS888444"
"E5.7.679","embryonic day 5","E-MTAB-3929","ERS888445"
"E5.7.681","embryonic day 5","E-MTAB-3929","ERS888447"
"E5.7.682","embryonic day 5","E-MTAB-3929","ERS888448"
"E5.7.683","embryonic day 5","E-MTAB-3929","ERS888449"
"E5.7.684","embryonic day 5","E-MTAB-3929","ERS888450"
"E5.7.685","embryonic day 5","E-MTAB-3929","ERS888451"
"E5.7.686","embryonic day 5","E-MTAB-3929","ERS888452"
"E5.7.687","embryonic day 5","E-MTAB-3929","ERS888453"
"E5.7.688","embryonic day 5","E-MTAB-3929","ERS888454"
"E5.7.689","embryonic day 5","E-MTAB-3929","ERS888455"
"E5.7.690","embryonic day 5","E-MTAB-3929","ERS888456"
"E5.7.691","embryonic day 5","E-MTAB-3929","ERS888457"
"E5.7.692","embryonic day 5","E-MTAB-3929","ERS888458"
"E5.7.693","embryonic day 5","E-MTAB-3929","ERS888459"
"E5.7.694","embryonic day 5","E-MTAB-3929","ERS888460"
"E5.7.695","embryonic day 5","E-MTAB-3929","ERS888461"
"E5.7.696","embryonic day 5","E-MTAB-3929","ERS888462"
"E5.7.697","embryonic day 5","E-MTAB-3929","ERS888463"
"E5.7.698","embryonic day 5","E-MTAB-3929","ERS888464"
"E5.7.700","embryonic day 5","E-MTAB-3929","ERS888465"
"E5.7.701","embryonic day 5","E-MTAB-3929","ERS888466"
"E5.7.702","embryonic day 5","E-MTAB-3929","ERS888467"
"E5.7.703","embryonic day 5","E-MTAB-3929","ERS888468"
"E5.7.704","embryonic day 5","E-MTAB-3929","ERS888469"
"E5.7.705","embryonic day 5","E-MTAB-3929","ERS888470"
"E5.7.706","embryonic day 5","E-MTAB-3929","ERS888471"
"E5.8.915","embryonic day 5","E-MTAB-3929","ERS888472"
"E5.8.916","embryonic day 5","E-MTAB-3929","ERS888473"
"E5.8.919","embryonic day 5","E-MTAB-3929","ERS888475"
"E5.8.920","embryonic day 5","E-MTAB-3929","ERS888476"
"E5.8.921","embryonic day 5","E-MTAB-3929","ERS888477"
"E5.8.922","embryonic day 5","E-MTAB-3929","ERS888478"
"E5.9.923","embryonic day 5","E-MTAB-3929","ERS888479"
"E5.9.924","embryonic day 5","E-MTAB-3929","ERS888480"
"E5.9.925","embryonic day 5","E-MTAB-3929","ERS888481"
"E5.9.927","embryonic day 5","E-MTAB-3929","ERS888482"
"E5.9.928","embryonic day 5","E-MTAB-3929","ERS888483"
"E5.9.931","embryonic day 5","E-MTAB-3929","ERS888486"
"E5.early.31.3058","embryonic day 5","E-MTAB-3929","ERS888487"
"E5.early.31.3059","embryonic day 5","E-MTAB-3929","ERS888488"
"E5.early.31.3060","embryonic day 5","E-MTAB-3929","ERS888489"
"E5.early.31.3062","embryonic day 5","E-MTAB-3929","ERS888490"
"E5.early.31.3064","embryonic day 5","E-MTAB-3929","ERS888491"
"E5.early.31.3068","embryonic day 5","E-MTAB-3929","ERS888492"
"E5.early.31.3069","embryonic day 5","E-MTAB-3929","ERS888493"
"E5.early.31.3070","embryonic day 5","E-MTAB-3929","ERS888494"
"E5.early.31.3071","embryonic day 5","E-MTAB-3929","ERS888495"
"E5.early.31.3072","embryonic day 5","E-MTAB-3929","ERS888496"
"E5.early.36.3215","embryonic day 5","E-MTAB-3929","ERS888497"
"E5.early.36.3216","embryonic day 5","E-MTAB-3929","ERS888498"
"E5.early.36.3217","embryonic day 5","E-MTAB-3929","ERS888499"
"E5.early.36.3218","embryonic day 5","E-MTAB-3929","ERS888500"
"E5.early.36.3220","embryonic day 5","E-MTAB-3929","ERS888502"
"E5.early.36.3221","embryonic day 5","E-MTAB-3929","ERS888503"
"E5.early.36.3222","embryonic day 5","E-MTAB-3929","ERS888504"
"E5.early.36.3223","embryonic day 5","E-MTAB-3929","ERS888505"
"E5.early.36.3224","embryonic day 5","E-MTAB-3929","ERS888506"
"E5.early.36.3225","embryonic day 5","E-MTAB-3929","ERS888507"
"E5.early.36.3226","embryonic day 5","E-MTAB-3929","ERS888508"
"E5.early.36.3227","embryonic day 5","E-MTAB-3929","ERS888509"
"E6.1.72","embryonic day 6","E-MTAB-3929","ERS888511"
"E6.1.77","embryonic day 6","E-MTAB-3929","ERS888514"
"E6.1.78","embryonic day 6","E-MTAB-3929","ERS888515"
"E6.1.79","embryonic day 6","E-MTAB-3929","ERS888516"
"E6.1.80","embryonic day 6","E-MTAB-3929","ERS888517"
"E6.1.81","embryonic day 6","E-MTAB-3929","ERS888518"
"E6.1.82","embryonic day 6","E-MTAB-3929","ERS888519"
"E6.1.83","embryonic day 6","E-MTAB-3929","ERS888520"
"E6.1.84","embryonic day 6","E-MTAB-3929","ERS888521"
"E6.1.85","embryonic day 6","E-MTAB-3929","ERS888522"
"E6.1.86","embryonic day 6","E-MTAB-3929","ERS888523"
"E6.1.88","embryonic day 6","E-MTAB-3929","ERS888524"
"E6.1.89","embryonic day 6","E-MTAB-3929","ERS888525"
"E6.1.90","embryonic day 6","E-MTAB-3929","ERS888526"
"E6.10.1043","embryonic day 6","E-MTAB-3929","ERS888527"
"E6.10.1045","embryonic day 6","E-MTAB-3929","ERS888529"
"E6.10.1046","embryonic day 6","E-MTAB-3929","ERS888530"
"E6.10.1047","embryonic day 6","E-MTAB-3929","ERS888531"
"E6.10.1049","embryonic day 6","E-MTAB-3929","ERS888533"
"E6.10.1050","embryonic day 6","E-MTAB-3929","ERS888534"
"E6.10.1051","embryonic day 6","E-MTAB-3929","ERS888535"
"E6.10.1052","embryonic day 6","E-MTAB-3929","ERS888536"
"E6.10.1055","embryonic day 6","E-MTAB-3929","ERS888537"
"E6.10.1056","embryonic day 6","E-MTAB-3929","ERS888538"
"E6.10.1057","embryonic day 6","E-MTAB-3929","ERS888539"
"E6.10.1058","embryonic day 6","E-MTAB-3929","ERS888540"
"E6.10.1060","embryonic day 6","E-MTAB-3929","ERS888541"
"E6.10.1061","embryonic day 6","E-MTAB-3929","ERS888542"
"E6.11.1064","embryonic day 6","E-MTAB-3929","ERS888543"
"E6.11.1065","embryonic day 6","E-MTAB-3929","ERS888544"
"E6.11.1068","embryonic day 6","E-MTAB-3929","ERS888545"
"E6.11.1070","embryonic day 6","E-MTAB-3929","ERS888546"
"E6.11.1076","embryonic day 6","E-MTAB-3929","ERS888549"
"E6.12.1266","embryonic day 6","E-MTAB-3929","ERS888550"
"E6.12.1267","embryonic day 6","E-MTAB-3929","ERS888551"
"E6.12.1268","embryonic day 6","E-MTAB-3929","ERS888552"
"E6.12.1269","embryonic day 6","E-MTAB-3929","ERS888553"
"E6.12.1271","embryonic day 6","E-MTAB-3929","ERS888555"
"E6.12.1272","embryonic day 6","E-MTAB-3929","ERS888556"
"E6.12.1274","embryonic day 6","E-MTAB-3929","ERS888558"
"E6.12.1275","embryonic day 6","E-MTAB-3929","ERS888559"
"E6.12.1276","embryonic day 6","E-MTAB-3929","ERS888560"
"E6.12.1277","embryonic day 6","E-MTAB-3929","ERS888561"
"E6.12.1278","embryonic day 6","E-MTAB-3929","ERS888562"
"E6.12.1279","embryonic day 6","E-MTAB-3929","ERS888563"
"E6.12.1280","embryonic day 6","E-MTAB-3929","ERS888564"
"E6.12.1281","embryonic day 6","E-MTAB-3929","ERS888565"
"E6.12.1286","embryonic day 6","E-MTAB-3929","ERS888566"
"E6.12.1287","embryonic day 6","E-MTAB-3929","ERS888567"
"E6.12.1288","embryonic day 6","E-MTAB-3929","ERS888568"
"E6.12.1289","embryonic day 6","E-MTAB-3929","ERS888569"
"E6.12.1290","embryonic day 6","E-MTAB-3929","ERS888570"
"E6.12.1291","embryonic day 6","E-MTAB-3929","ERS888571"
"E6.12.1293","embryonic day 6","E-MTAB-3929","ERS888573"
"E6.12.1482","embryonic day 6","E-MTAB-3929","ERS888578"
"E6.12.1483","embryonic day 6","E-MTAB-3929","ERS888579"
"E6.12.1484","embryonic day 6","E-MTAB-3929","ERS888580"
"E6.12.1485","embryonic day 6","E-MTAB-3929","ERS888581"
"E6.12.1486","embryonic day 6","E-MTAB-3929","ERS888582"
"E6.12.1487","embryonic day 6","E-MTAB-3929","ERS888583"
"E6.12.1488","embryonic day 6","E-MTAB-3929","ERS888584"
"E6.13.1362","embryonic day 6","E-MTAB-3929","ERS888585"
"E6.13.1363","embryonic day 6","E-MTAB-3929","ERS888586"
"E6.13.1364","embryonic day 6","E-MTAB-3929","ERS888587"
"E6.13.1365","embryonic day 6","E-MTAB-3929","ERS888588"
"E6.13.1366","embryonic day 6","E-MTAB-3929","ERS888589"
"E6.13.1367","embryonic day 6","E-MTAB-3929","ERS888590"
"E6.13.1368","embryonic day 6","E-MTAB-3929","ERS888591"
"E6.13.1369","embryonic day 6","E-MTAB-3929","ERS888592"
"E6.13.1373","embryonic day 6","E-MTAB-3929","ERS888596"
"E6.13.1374","embryonic day 6","E-MTAB-3929","ERS888597"
"E6.13.1375","embryonic day 6","E-MTAB-3929","ERS888598"
"E6.13.1376","embryonic day 6","E-MTAB-3929","ERS888599"
"E6.13.1377","embryonic day 6","E-MTAB-3929","ERS888600"
"E6.13.1378","embryonic day 6","E-MTAB-3929","ERS888601"
"E6.13.1379","embryonic day 6","E-MTAB-3929","ERS888602"
"E6.13.1380","embryonic day 6","E-MTAB-3929","ERS888603"
"E6.13.1381","embryonic day 6","E-MTAB-3929","ERS888604"
"E6.13.1382","embryonic day 6","E-MTAB-3929","ERS888605"
"E6.13.1383","embryonic day 6","E-MTAB-3929","ERS888606"
"E6.13.1384","embryonic day 6","E-MTAB-3929","ERS888607"
"E6.13.1386","embryonic day 6","E-MTAB-3929","ERS888609"
"E6.13.1387","embryonic day 6","E-MTAB-3929","ERS888610"
"E6.13.1388","embryonic day 6","E-MTAB-3929","ERS888611"
"E6.13.1389","embryonic day 6","E-MTAB-3929","ERS888612"
"E6.13.1390","embryonic day 6","E-MTAB-3929","ERS888613"
"E6.13.1391","embryonic day 6","E-MTAB-3929","ERS888614"
"E6.13.1392","embryonic day 6","E-MTAB-3929","ERS888615"
"E6.13.1393","embryonic day 6","E-MTAB-3929","ERS888616"
"E6.13.1394","embryonic day 6","E-MTAB-3929","ERS888617"
"E6.13.1395","embryonic day 6","E-MTAB-3929","ERS888618"
"E6.13.1396","embryonic day 6","E-MTAB-3929","ERS888619"
"E6.13.1397","embryonic day 6","E-MTAB-3929","ERS888620"
"E6.13.1398","embryonic day 6","E-MTAB-3929","ERS888621"
"E6.13.1399","embryonic day 6","E-MTAB-3929","ERS888622"
"E6.13.1400","embryonic day 6","E-MTAB-3929","ERS888623"
"E6.14.1402","embryonic day 6","E-MTAB-3929","ERS888624"
"E6.14.1403","embryonic day 6","E-MTAB-3929","ERS888625"
"E6.14.1404","embryonic day 6","E-MTAB-3929","ERS888626"
"E6.14.1406","embryonic day 6","E-MTAB-3929","ERS888628"
"E6.14.1407","embryonic day 6","E-MTAB-3929","ERS888629"
"E6.14.1409","embryonic day 6","E-MTAB-3929","ERS888630"
"E6.14.1410","embryonic day 6","E-MTAB-3929","ERS888631"
"E6.14.1411","embryonic day 6","E-MTAB-3929","ERS888632"
"E6.14.1412","embryonic day 6","E-MTAB-3929","ERS888633"
"E6.14.1413","embryonic day 6","E-MTAB-3929","ERS888634"
"E6.14.1414","embryonic day 6","E-MTAB-3929","ERS888635"
"E6.14.1416","embryonic day 6","E-MTAB-3929","ERS888637"
"E6.14.1417","embryonic day 6","E-MTAB-3929","ERS888638"
"E6.14.1418","embryonic day 6","E-MTAB-3929","ERS888639"
"E6.14.1419","embryonic day 6","E-MTAB-3929","ERS888640"
"E6.14.1420","embryonic day 6","E-MTAB-3929","ERS888641"
"E6.14.1421","embryonic day 6","E-MTAB-3929","ERS888642"
"E6.14.1422","embryonic day 6","E-MTAB-3929","ERS888643"
"E6.14.1423","embryonic day 6","E-MTAB-3929","ERS888644"
"E6.14.1424","embryonic day 6","E-MTAB-3929","ERS888645"
"E6.14.1425","embryonic day 6","E-MTAB-3929","ERS888646"
"E6.14.1426","embryonic day 6","E-MTAB-3929","ERS888647"
"E6.14.1427","embryonic day 6","E-MTAB-3929","ERS888648"
"E6.14.1428","embryonic day 6","E-MTAB-3929","ERS888649"
"E6.14.1429","embryonic day 6","E-MTAB-3929","ERS888650"
"E6.14.1430","embryonic day 6","E-MTAB-3929","ERS888651"
"E6.14.1431","embryonic day 6","E-MTAB-3929","ERS888652"
"E6.14.1432","embryonic day 6","E-MTAB-3929","ERS888653"
"E6.14.1433","embryonic day 6","E-MTAB-3929","ERS888654"
"E6.15.1434","embryonic day 6","E-MTAB-3929","ERS888655"
"E6.15.1436","embryonic day 6","E-MTAB-3929","ERS888657"
"E6.15.1437","embryonic day 6","E-MTAB-3929","ERS888658"
"E6.15.1438","embryonic day 6","E-MTAB-3929","ERS888659"
"E6.15.1439","embryonic day 6","E-MTAB-3929","ERS888660"
"E6.15.1443","embryonic day 6","E-MTAB-3929","ERS888663"
"E6.15.1447","embryonic day 6","E-MTAB-3929","ERS888666"
"E6.15.1450","embryonic day 6","E-MTAB-3929","ERS888667"
"E6.15.1451","embryonic day 6","E-MTAB-3929","ERS888668"
"E6.15.1453","embryonic day 6","E-MTAB-3929","ERS888669"
"E6.15.1454","embryonic day 6","E-MTAB-3929","ERS888670"
"E6.15.1455","embryonic day 6","E-MTAB-3929","ERS888671"
"E6.15.1457","embryonic day 6","E-MTAB-3929","ERS888672"
"E6.15.1458","embryonic day 6","E-MTAB-3929","ERS888673"
"E6.15.1460","embryonic day 6","E-MTAB-3929","ERS888674"
"E6.15.1461","embryonic day 6","E-MTAB-3929","ERS888675"
"E6.15.1462","embryonic day 6","E-MTAB-3929","ERS888676"
"E6.15.1463","embryonic day 6","E-MTAB-3929","ERS888677"
"E6.15.1465","embryonic day 6","E-MTAB-3929","ERS888678"
"E6.15.1466","embryonic day 6","E-MTAB-3929","ERS888679"
"E6.15.1467","embryonic day 6","E-MTAB-3929","ERS888680"
"E6.15.1468","embryonic day 6","E-MTAB-3929","ERS888681"
"E6.15.1469","embryonic day 6","E-MTAB-3929","ERS888682"
"E6.15.1470","embryonic day 6","E-MTAB-3929","ERS888683"
"E6.15.1471","embryonic day 6","E-MTAB-3929","ERS888684"
"E6.15.1473","embryonic day 6","E-MTAB-3929","ERS888685"
"E6.15.1474","embryonic day 6","E-MTAB-3929","ERS888686"
"E6.15.1475","embryonic day 6","E-MTAB-3929","ERS888687"
"E6.15.1476","embryonic day 6","E-MTAB-3929","ERS888688"
"E6.15.1477","embryonic day 6","E-MTAB-3929","ERS888689"
"E6.15.1478","embryonic day 6","E-MTAB-3929","ERS888690"
"E6.15.1479","embryonic day 6","E-MTAB-3929","ERS888691"
"E6.15.1481","embryonic day 6","E-MTAB-3929","ERS888692"
"E6.16.1493","embryonic day 6","E-MTAB-3929","ERS888693"
"E6.16.1494","embryonic day 6","E-MTAB-3929","ERS888694"
"E6.16.1495","embryonic day 6","E-MTAB-3929","ERS888695"
"E6.16.1496","embryonic day 6","E-MTAB-3929","ERS888696"
"E6.16.1497","embryonic day 6","E-MTAB-3929","ERS888697"
"E6.16.1498","embryonic day 6","E-MTAB-3929","ERS888698"
"E6.16.1499","embryonic day 6","E-MTAB-3929","ERS888699"
"E6.16.1500","embryonic day 6","E-MTAB-3929","ERS888700"
"E6.16.1501","embryonic day 6","E-MTAB-3929","ERS888701"
"E6.16.1503","embryonic day 6","E-MTAB-3929","ERS888702"
"E6.16.1504","embryonic day 6","E-MTAB-3929","ERS888703"
"E6.16.1505","embryonic day 6","E-MTAB-3929","ERS888704"
"E6.17.1572","embryonic day 6","E-MTAB-3929","ERS888707"
"E6.17.1573","embryonic day 6","E-MTAB-3929","ERS888708"
"E6.17.1574","embryonic day 6","E-MTAB-3929","ERS888709"
"E6.17.1575","embryonic day 6","E-MTAB-3929","ERS888710"
"E6.17.1576","embryonic day 6","E-MTAB-3929","ERS888711"
"E6.17.1578","embryonic day 6","E-MTAB-3929","ERS888712"
"E6.17.1579","embryonic day 6","E-MTAB-3929","ERS888713"
"E6.17.1581","embryonic day 6","E-MTAB-3929","ERS888714"
"E6.17.1582","embryonic day 6","E-MTAB-3929","ERS888715"
"E6.17.1583","embryonic day 6","E-MTAB-3929","ERS888716"
"E6.17.1584","embryonic day 6","E-MTAB-3929","ERS888717"
"E6.17.1585","embryonic day 6","E-MTAB-3929","ERS888718"
"E6.17.1586","embryonic day 6","E-MTAB-3929","ERS888719"
"E6.17.1587","embryonic day 6","E-MTAB-3929","ERS888720"
"E6.17.1588","embryonic day 6","E-MTAB-3929","ERS888721"
"E6.17.1590","embryonic day 6","E-MTAB-3929","ERS888723"
"E6.17.1591","embryonic day 6","E-MTAB-3929","ERS888724"
"E6.17.1592","embryonic day 6","E-MTAB-3929","ERS888725"
"E6.17.1593","embryonic day 6","E-MTAB-3929","ERS888726"
"E6.17.1594","embryonic day 6","E-MTAB-3929","ERS888727"
"E6.17.1596","embryonic day 6","E-MTAB-3929","ERS888728"
"E6.17.1598","embryonic day 6","E-MTAB-3929","ERS888729"
"E6.17.1599","embryonic day 6","E-MTAB-3929","ERS888730"
"E6.17.1600","embryonic day 6","E-MTAB-3929","ERS888731"
"E6.17.1601","embryonic day 6","E-MTAB-3929","ERS888732"
"E6.17.1602","embryonic day 6","E-MTAB-3929","ERS888733"
"E6.17.1603","embryonic day 6","E-MTAB-3929","ERS888734"
"E6.17.1605","embryonic day 6","E-MTAB-3929","ERS888735"
"E6.17.1606","embryonic day 6","E-MTAB-3929","ERS888736"
"E6.17.1607","embryonic day 6","E-MTAB-3929","ERS888737"
"E6.17.1608","embryonic day 6","E-MTAB-3929","ERS888738"
"E6.17.1609","embryonic day 6","E-MTAB-3929","ERS888739"
"E6.17.1610","embryonic day 6","E-MTAB-3929","ERS888740"
"E6.17.1611","embryonic day 6","E-MTAB-3929","ERS888741"
"E6.17.1612","embryonic day 6","E-MTAB-3929","ERS888742"
"E6.17.1613","embryonic day 6","E-MTAB-3929","ERS888743"
"E6.17.1616","embryonic day 6","E-MTAB-3929","ERS888745"
"E6.17.1617","embryonic day 6","E-MTAB-3929","ERS888746"
"E6.17.1618","embryonic day 6","E-MTAB-3929","ERS888747"
"E6.17.1619","embryonic day 6","E-MTAB-3929","ERS888748"
"E6.17.1620","embryonic day 6","E-MTAB-3929","ERS888749"
"E6.18.1622","embryonic day 6","E-MTAB-3929","ERS888751"
"E6.18.1624","embryonic day 6","E-MTAB-3929","ERS888753"
"E6.18.1625","embryonic day 6","E-MTAB-3929","ERS888754"
"E6.18.1626","embryonic day 6","E-MTAB-3929","ERS888755"
"E6.18.1628","embryonic day 6","E-MTAB-3929","ERS888757"
"E6.18.1629","embryonic day 6","E-MTAB-3929","ERS888758"
"E6.18.1630","embryonic day 6","E-MTAB-3929","ERS888759"
"E6.18.1632","embryonic day 6","E-MTAB-3929","ERS888760"
"E6.18.1633","embryonic day 6","E-MTAB-3929","ERS888761"
"E6.18.1635","embryonic day 6","E-MTAB-3929","ERS888763"
"E6.18.1636","embryonic day 6","E-MTAB-3929","ERS888764"
"E6.18.1637","embryonic day 6","E-MTAB-3929","ERS888765"
"E6.18.1638","embryonic day 6","E-MTAB-3929","ERS888766"
"E6.18.1639","embryonic day 6","E-MTAB-3929","ERS888767"
"E6.18.1640","embryonic day 6","E-MTAB-3929","ERS888768"
"E6.18.1641","embryonic day 6","E-MTAB-3929","ERS888769"
"E6.18.1643","embryonic day 6","E-MTAB-3929","ERS888771"
"E6.18.1644","embryonic day 6","E-MTAB-3929","ERS888772"
"E6.18.1645","embryonic day 6","E-MTAB-3929","ERS888773"
"E6.2.108","embryonic day 6","E-MTAB-3929","ERS888777"
"E6.2.109","embryonic day 6","E-MTAB-3929","ERS888778"
"E6.2.116","embryonic day 6","E-MTAB-3929","ERS888781"
"E6.22.1846","embryonic day 6","E-MTAB-3929","ERS888785"
"E6.22.1847","embryonic day 6","E-MTAB-3929","ERS888786"
"E6.22.1848","embryonic day 6","E-MTAB-3929","ERS888787"
"E6.22.1850","embryonic day 6","E-MTAB-3929","ERS888789"
"E6.22.1851","embryonic day 6","E-MTAB-3929","ERS888790"
"E6.22.1852","embryonic day 6","E-MTAB-3929","ERS888791"
"E6.22.1853","embryonic day 6","E-MTAB-3929","ERS888792"
"E6.22.1854","embryonic day 6","E-MTAB-3929","ERS888793"
"E6.22.1855","embryonic day 6","E-MTAB-3929","ERS888794"
"E6.22.1856","embryonic day 6","E-MTAB-3929","ERS888795"
"E6.22.1857","embryonic day 6","E-MTAB-3929","ERS888796"
"E6.22.1858","embryonic day 6","E-MTAB-3929","ERS888797"
"E6.22.1859","embryonic day 6","E-MTAB-3929","ERS888798"
"E6.22.1860","embryonic day 6","E-MTAB-3929","ERS888799"
"E6.22.1861","embryonic day 6","E-MTAB-3929","ERS888800"
"E6.22.1862","embryonic day 6","E-MTAB-3929","ERS888801"
"E6.22.1863","embryonic day 6","E-MTAB-3929","ERS888802"
"E6.22.1864","embryonic day 6","E-MTAB-3929","ERS888803"
"E6.22.1865","embryonic day 6","E-MTAB-3929","ERS888804"
"E6.22.1866","embryonic day 6","E-MTAB-3929","ERS888805"
"E6.22.1867","embryonic day 6","E-MTAB-3929","ERS888806"
"E6.3.383","embryonic day 6","E-MTAB-3929","ERS888807"
"E6.3.384","embryonic day 6","E-MTAB-3929","ERS888808"
"E6.3.389","embryonic day 6","E-MTAB-3929","ERS888809"
"E6.6.707","embryonic day 6","E-MTAB-3929","ERS888819"
"E6.6.708","embryonic day 6","E-MTAB-3929","ERS888820"
"E6.6.709","embryonic day 6","E-MTAB-3929","ERS888821"
"E6.6.710","embryonic day 6","E-MTAB-3929","ERS888822"
"E6.6.712","embryonic day 6","E-MTAB-3929","ERS888823"
"E6.6.713","embryonic day 6","E-MTAB-3929","ERS888824"
"E6.6.714","embryonic day 6","E-MTAB-3929","ERS888825"
"E6.6.715","embryonic day 6","E-MTAB-3929","ERS888826"
"E6.6.716","embryonic day 6","E-MTAB-3929","ERS888827"
"E6.6.717","embryonic day 6","E-MTAB-3929","ERS888828"
"E6.6.718","embryonic day 6","E-MTAB-3929","ERS888829"
"E6.6.722","embryonic day 6","E-MTAB-3929","ERS888833"
"E6.6.725","embryonic day 6","E-MTAB-3929","ERS888836"
"E6.6.727","embryonic day 6","E-MTAB-3929","ERS888838"
"E6.6.728","embryonic day 6","E-MTAB-3929","ERS888839"
"E6.7.729","embryonic day 6","E-MTAB-3929","ERS888840"
"E6.7.737","embryonic day 6","E-MTAB-3929","ERS888841"
"E6.7.738","embryonic day 6","E-MTAB-3929","ERS888842"
"E6.7.741","embryonic day 6","E-MTAB-3929","ERS888844"
"E6.7.742","embryonic day 6","E-MTAB-3929","ERS888845"
"E6.7.743","embryonic day 6","E-MTAB-3929","ERS888846"
"E6.7.744","embryonic day 6","E-MTAB-3929","ERS888847"
"E6.8.769","embryonic day 6","E-MTAB-3929","ERS888848"
"E6.8.771","embryonic day 6","E-MTAB-3929","ERS888849"
"E6.8.772","embryonic day 6","E-MTAB-3929","ERS888850"
"E6.8.773","embryonic day 6","E-MTAB-3929","ERS888851"
"E6.8.774","embryonic day 6","E-MTAB-3929","ERS888852"
"E6.8.776","embryonic day 6","E-MTAB-3929","ERS888854"
"E6.8.777","embryonic day 6","E-MTAB-3929","ERS888855"
"E6.8.778","embryonic day 6","E-MTAB-3929","ERS888856"
"E6.8.779","embryonic day 6","E-MTAB-3929","ERS888857"
"E6.8.780","embryonic day 6","E-MTAB-3929","ERS888858"
"E6.8.781","embryonic day 6","E-MTAB-3929","ERS888859"
"E6.8.782","embryonic day 6","E-MTAB-3929","ERS888860"
"E6.8.784","embryonic day 6","E-MTAB-3929","ERS888862"
"E6.8.785","embryonic day 6","E-MTAB-3929","ERS888863"
"E6.8.786","embryonic day 6","E-MTAB-3929","ERS888864"
"E6.8.787","embryonic day 6","E-MTAB-3929","ERS888865"
"E6.8.789","embryonic day 6","E-MTAB-3929","ERS888866"
"E6.8.790","embryonic day 6","E-MTAB-3929","ERS888867"
"E6.8.791","embryonic day 6","E-MTAB-3929","ERS888868"
"E6.8.792","embryonic day 6","E-MTAB-3929","ERS888869"
"E6.8.793","embryonic day 6","E-MTAB-3929","ERS888870"
"E6.8.794","embryonic day 6","E-MTAB-3929","ERS888871"
"E6.8.795","embryonic day 6","E-MTAB-3929","ERS888872"
"E6.8.796","embryonic day 6","E-MTAB-3929","ERS888873"
"E6.8.797","embryonic day 6","E-MTAB-3929","ERS888874"
"E6.8.798","embryonic day 6","E-MTAB-3929","ERS888875"
"E6.8.799","embryonic day 6","E-MTAB-3929","ERS888876"
"E6.8.800","embryonic day 6","E-MTAB-3929","ERS888877"
"E6.8.801","embryonic day 6","E-MTAB-3929","ERS888878"
"E6.8.802","embryonic day 6","E-MTAB-3929","ERS888879"
"E6.8.803","embryonic day 6","E-MTAB-3929","ERS888880"
"E6.8.804","embryonic day 6","E-MTAB-3929","ERS888881"
"E6.8.806","embryonic day 6","E-MTAB-3929","ERS888882"
"E6.8.807","embryonic day 6","E-MTAB-3929","ERS888883"
"E6.8.808","embryonic day 6","E-MTAB-3929","ERS888884"
"E6.8.809","embryonic day 6","E-MTAB-3929","ERS888885"
"E6.8.810","embryonic day 6","E-MTAB-3929","ERS888886"
"E6.8.811","embryonic day 6","E-MTAB-3929","ERS888887"
"E6.8.812","embryonic day 6","E-MTAB-3929","ERS888888"
"E6.8.813","embryonic day 6","E-MTAB-3929","ERS888889"
"E6.8.814","embryonic day 6","E-MTAB-3929","ERS888890"
"E6.8.815","embryonic day 6","E-MTAB-3929","ERS888891"
"E6.8.816","embryonic day 6","E-MTAB-3929","ERS888892"
"E6.8.817","embryonic day 6","E-MTAB-3929","ERS888893"
"E6.8.818","embryonic day 6","E-MTAB-3929","ERS888894"
"E6.8.819","embryonic day 6","E-MTAB-3929","ERS888895"
"E6.8.820","embryonic day 6","E-MTAB-3929","ERS888896"
"E6.8.821","embryonic day 6","E-MTAB-3929","ERS888897"
"E6.8.822","embryonic day 6","E-MTAB-3929","ERS888898"
"E6.8.823","embryonic day 6","E-MTAB-3929","ERS888899"
"E6.8.824","embryonic day 6","E-MTAB-3929","ERS888900"
"E6.8.825","embryonic day 6","E-MTAB-3929","ERS888901"
"E6.8.827","embryonic day 6","E-MTAB-3929","ERS888903"
"E6.8.828","embryonic day 6","E-MTAB-3929","ERS888904"
"E6.8.829","embryonic day 6","E-MTAB-3929","ERS888905"
"E6.8.831","embryonic day 6","E-MTAB-3929","ERS888906"
"E6.8.832","embryonic day 6","E-MTAB-3929","ERS888907"
"E6.9.1007","embryonic day 6","E-MTAB-3929","ERS888908"
"E6.9.1010","embryonic day 6","E-MTAB-3929","ERS888910"
"E6.9.1013","embryonic day 6","E-MTAB-3929","ERS888913"
"E6.9.1014","embryonic day 6","E-MTAB-3929","ERS888914"
"E6.9.1020","embryonic day 6","E-MTAB-3929","ERS888919"
"E6.9.1022","embryonic day 6","E-MTAB-3929","ERS888921"
"E6.9.1023","embryonic day 6","E-MTAB-3929","ERS888922"
"E6.9.1024","embryonic day 6","E-MTAB-3929","ERS888923"
"E6.9.1025","embryonic day 6","E-MTAB-3929","ERS888924"
"E7.10.745","embryonic day 7","E-MTAB-3929","ERS888926"
"E7.10.746","embryonic day 7","E-MTAB-3929","ERS888927"
"E7.10.747","embryonic day 7","E-MTAB-3929","ERS888928"
"E7.10.748","embryonic day 7","E-MTAB-3929","ERS888929"
"E7.10.750","embryonic day 7","E-MTAB-3929","ERS888931"
"E7.10.753","embryonic day 7","E-MTAB-3929","ERS888932"
"E7.10.760","embryonic day 7","E-MTAB-3929","ERS888934"
"E7.10.761","embryonic day 7","E-MTAB-3929","ERS888935"
"E7.10.762","embryonic day 7","E-MTAB-3929","ERS888936"
"E7.10.763","embryonic day 7","E-MTAB-3929","ERS888937"
"E7.10.764","embryonic day 7","E-MTAB-3929","ERS888938"
"E7.10.766","embryonic day 7","E-MTAB-3929","ERS888939"
"E7.10.767","embryonic day 7","E-MTAB-3929","ERS888940"
"E7.10.768","embryonic day 7","E-MTAB-3929","ERS888941"
"E7.11.833","embryonic day 7","E-MTAB-3929","ERS888942"
"E7.11.835","embryonic day 7","E-MTAB-3929","ERS888943"
"E7.11.836","embryonic day 7","E-MTAB-3929","ERS888944"
"E7.11.837","embryonic day 7","E-MTAB-3929","ERS888945"
"E7.11.838","embryonic day 7","E-MTAB-3929","ERS888946"
"E7.11.839","embryonic day 7","E-MTAB-3929","ERS888947"
"E7.11.840","embryonic day 7","E-MTAB-3929","ERS888948"
"E7.11.841","embryonic day 7","E-MTAB-3929","ERS888949"
"E7.11.842","embryonic day 7","E-MTAB-3929","ERS888950"
"E7.11.843","embryonic day 7","E-MTAB-3929","ERS888951"
"E7.11.844","embryonic day 7","E-MTAB-3929","ERS888952"
"E7.11.845","embryonic day 7","E-MTAB-3929","ERS888953"
"E7.11.847","embryonic day 7","E-MTAB-3929","ERS888955"
"E7.11.848","embryonic day 7","E-MTAB-3929","ERS888956"
"E7.11.849","embryonic day 7","E-MTAB-3929","ERS888957"
"E7.11.850","embryonic day 7","E-MTAB-3929","ERS888958"
"E7.11.851","embryonic day 7","E-MTAB-3929","ERS888959"
"E7.11.852","embryonic day 7","E-MTAB-3929","ERS888960"
"E7.11.854","embryonic day 7","E-MTAB-3929","ERS888962"
"E7.11.855","embryonic day 7","E-MTAB-3929","ERS888963"
"E7.11.856","embryonic day 7","E-MTAB-3929","ERS888964"
"E7.12.857","embryonic day 7","E-MTAB-3929","ERS888965"
"E7.12.858","embryonic day 7","E-MTAB-3929","ERS888966"
"E7.12.859","embryonic day 7","E-MTAB-3929","ERS888967"
"E7.12.860","embryonic day 7","E-MTAB-3929","ERS888968"
"E7.12.861","embryonic day 7","E-MTAB-3929","ERS888969"
"E7.12.862","embryonic day 7","E-MTAB-3929","ERS888970"
"E7.12.863","embryonic day 7","E-MTAB-3929","ERS888971"
"E7.12.864","embryonic day 7","E-MTAB-3929","ERS888972"
"E7.12.865","embryonic day 7","E-MTAB-3929","ERS888973"
"E7.12.869","embryonic day 7","E-MTAB-3929","ERS888975"
"E7.12.870","embryonic day 7","E-MTAB-3929","ERS888976"
"E7.12.871","embryonic day 7","E-MTAB-3929","ERS888977"
"E7.12.872","embryonic day 7","E-MTAB-3929","ERS888978"
"E7.12.874","embryonic day 7","E-MTAB-3929","ERS888979"
"E7.12.875","embryonic day 7","E-MTAB-3929","ERS888980"
"E7.12.876","embryonic day 7","E-MTAB-3929","ERS888981"
"E7.12.877","embryonic day 7","E-MTAB-3929","ERS888982"
"E7.12.878","embryonic day 7","E-MTAB-3929","ERS888983"
"E7.12.879","embryonic day 7","E-MTAB-3929","ERS888984"
"E7.13.881","embryonic day 7","E-MTAB-3929","ERS888986"
"E7.13.882","embryonic day 7","E-MTAB-3929","ERS888987"
"E7.13.883","embryonic day 7","E-MTAB-3929","ERS888988"
"E7.13.884","embryonic day 7","E-MTAB-3929","ERS888989"
"E7.13.885","embryonic day 7","E-MTAB-3929","ERS888990"
"E7.13.886","embryonic day 7","E-MTAB-3929","ERS888991"
"E7.13.887","embryonic day 7","E-MTAB-3929","ERS888992"
"E7.13.888","embryonic day 7","E-MTAB-3929","ERS888993"
"E7.13.889","embryonic day 7","E-MTAB-3929","ERS888994"
"E7.13.890","embryonic day 7","E-MTAB-3929","ERS888995"
"E7.13.891","embryonic day 7","E-MTAB-3929","ERS888996"
"E7.13.892","embryonic day 7","E-MTAB-3929","ERS888997"
"E7.14.893","embryonic day 7","E-MTAB-3929","ERS888998"
"E7.14.894","embryonic day 7","E-MTAB-3929","ERS888999"
"E7.14.895","embryonic day 7","E-MTAB-3929","ERS889000"
"E7.14.896","embryonic day 7","E-MTAB-3929","ERS889001"
"E7.14.897","embryonic day 7","E-MTAB-3929","ERS889002"
"E7.14.898","embryonic day 7","E-MTAB-3929","ERS889003"
"E7.14.899","embryonic day 7","E-MTAB-3929","ERS889004"
"E7.14.900","embryonic day 7","E-MTAB-3929","ERS889005"
"E7.14.901","embryonic day 7","E-MTAB-3929","ERS889006"
"E7.14.902","embryonic day 7","E-MTAB-3929","ERS889007"
"E7.14.903","embryonic day 7","E-MTAB-3929","ERS889008"
"E7.14.904","embryonic day 7","E-MTAB-3929","ERS889009"
"E7.14.905","embryonic day 7","E-MTAB-3929","ERS889010"
"E7.14.907","embryonic day 7","E-MTAB-3929","ERS889012"
"E7.14.908","embryonic day 7","E-MTAB-3929","ERS889013"
"E7.14.909","embryonic day 7","E-MTAB-3929","ERS889014"
"E7.14.910","embryonic day 7","E-MTAB-3929","ERS889015"
"E7.14.911","embryonic day 7","E-MTAB-3929","ERS889016"
"E7.14.912","embryonic day 7","E-MTAB-3929","ERS889017"
"E7.14.913","embryonic day 7","E-MTAB-3929","ERS889018"
"E7.14.914","embryonic day 7","E-MTAB-3929","ERS889019"
"E7.15.1078","embryonic day 7","E-MTAB-3929","ERS889020"
"E7.15.1079","embryonic day 7","E-MTAB-3929","ERS889021"
"E7.15.1080","embryonic day 7","E-MTAB-3929","ERS889022"
"E7.15.1082","embryonic day 7","E-MTAB-3929","ERS889024"
"E7.15.1083","embryonic day 7","E-MTAB-3929","ERS889025"
"E7.15.1084","embryonic day 7","E-MTAB-3929","ERS889026"
"E7.15.1085","embryonic day 7","E-MTAB-3929","ERS889027"
"E7.15.1086","embryonic day 7","E-MTAB-3929","ERS889028"
"E7.15.1087","embryonic day 7","E-MTAB-3929","ERS889029"
"E7.15.1088","embryonic day 7","E-MTAB-3929","ERS889030"
"E7.15.1089","embryonic day 7","E-MTAB-3929","ERS889031"
"E7.15.1090","embryonic day 7","E-MTAB-3929","ERS889032"
"E7.15.1096","embryonic day 7","E-MTAB-3929","ERS889036"
"E7.15.1100","embryonic day 7","E-MTAB-3929","ERS889039"
"E7.15.1101","embryonic day 7","E-MTAB-3929","ERS889040"
"E7.16.1102","embryonic day 7","E-MTAB-3929","ERS889041"
"E7.16.1104","embryonic day 7","E-MTAB-3929","ERS889043"
"E7.16.1106","embryonic day 7","E-MTAB-3929","ERS889045"
"E7.16.1107","embryonic day 7","E-MTAB-3929","ERS889046"
"E7.16.1108","embryonic day 7","E-MTAB-3929","ERS889047"
"E7.16.1110","embryonic day 7","E-MTAB-3929","ERS889049"
"E7.16.1111","embryonic day 7","E-MTAB-3929","ERS889050"
"E7.16.1112","embryonic day 7","E-MTAB-3929","ERS889051"
"E7.16.1113","embryonic day 7","E-MTAB-3929","ERS889052"
"E7.16.1114","embryonic day 7","E-MTAB-3929","ERS889053"
"E7.16.1115","embryonic day 7","E-MTAB-3929","ERS889054"
"E7.16.1116","embryonic day 7","E-MTAB-3929","ERS889055"
"E7.16.1118","embryonic day 7","E-MTAB-3929","ERS889056"
"E7.16.1119","embryonic day 7","E-MTAB-3929","ERS889057"
"E7.16.1120","embryonic day 7","E-MTAB-3929","ERS889058"
"E7.16.1121","embryonic day 7","E-MTAB-3929","ERS889059"
"E7.16.1122","embryonic day 7","E-MTAB-3929","ERS889060"
"E7.16.1123","embryonic day 7","E-MTAB-3929","ERS889061"
"E7.16.1124","embryonic day 7","E-MTAB-3929","ERS889062"
"E7.16.1125","embryonic day 7","E-MTAB-3929","ERS889063"
"E7.16.1126","embryonic day 7","E-MTAB-3929","ERS889064"
"E7.16.1127","embryonic day 7","E-MTAB-3929","ERS889065"
"E7.16.1128","embryonic day 7","E-MTAB-3929","ERS889066"
"E7.16.1129","embryonic day 7","E-MTAB-3929","ERS889067"
"E7.16.1130","embryonic day 7","E-MTAB-3929","ERS889068"
"E7.16.1131","embryonic day 7","E-MTAB-3929","ERS889069"
"E7.16.1132","embryonic day 7","E-MTAB-3929","ERS889070"
"E7.16.1133","embryonic day 7","E-MTAB-3929","ERS889071"
"E7.16.1134","embryonic day 7","E-MTAB-3929","ERS889072"
"E7.16.1135","embryonic day 7","E-MTAB-3929","ERS889073"
"E7.16.1138","embryonic day 7","E-MTAB-3929","ERS889075"
"E7.16.1139","embryonic day 7","E-MTAB-3929","ERS889076"
"E7.16.1141","embryonic day 7","E-MTAB-3929","ERS889077"
"E7.16.1142","embryonic day 7","E-MTAB-3929","ERS889078"
"E7.16.1143","embryonic day 7","E-MTAB-3929","ERS889079"
"E7.16.1144","embryonic day 7","E-MTAB-3929","ERS889080"
"E7.16.1146","embryonic day 7","E-MTAB-3929","ERS889081"
"E7.16.1147","embryonic day 7","E-MTAB-3929","ERS889082"
"E7.16.1148","embryonic day 7","E-MTAB-3929","ERS889083"
"E7.16.1149","embryonic day 7","E-MTAB-3929","ERS889084"
"E7.16.1150","embryonic day 7","E-MTAB-3929","ERS889085"
"E7.16.1152","embryonic day 7","E-MTAB-3929","ERS889086"
"E7.16.1153","embryonic day 7","E-MTAB-3929","ERS889087"
"E7.16.1154","embryonic day 7","E-MTAB-3929","ERS889088"
"E7.16.1156","embryonic day 7","E-MTAB-3929","ERS889090"
"E7.16.1157","embryonic day 7","E-MTAB-3929","ERS889091"
"E7.16.1158","embryonic day 7","E-MTAB-3929","ERS889092"
"E7.16.1159","embryonic day 7","E-MTAB-3929","ERS889093"
"E7.16.1160","embryonic day 7","E-MTAB-3929","ERS889094"
"E7.16.1162","embryonic day 7","E-MTAB-3929","ERS889096"
"E7.16.1164","embryonic day 7","E-MTAB-3929","ERS889098"
"E7.16.1165","embryonic day 7","E-MTAB-3929","ERS889099"
"E7.16.1166","embryonic day 7","E-MTAB-3929","ERS889100"
"E7.16.1167","embryonic day 7","E-MTAB-3929","ERS889101"
"E7.16.1168","embryonic day 7","E-MTAB-3929","ERS889102"
"E7.16.1169","embryonic day 7","E-MTAB-3929","ERS889103"
"E7.16.1170","embryonic day 7","E-MTAB-3929","ERS889104"
"E7.17.1301","embryonic day 7","E-MTAB-3929","ERS889105"
"E7.17.1302","embryonic day 7","E-MTAB-3929","ERS889106"
"E7.17.1303","embryonic day 7","E-MTAB-3929","ERS889107"
"E7.17.1305","embryonic day 7","E-MTAB-3929","ERS889109"
"E7.17.1307","embryonic day 7","E-MTAB-3929","ERS889111"
"E7.17.1309","embryonic day 7","E-MTAB-3929","ERS889113"
"E7.17.1310","embryonic day 7","E-MTAB-3929","ERS889114"
"E7.17.1311","embryonic day 7","E-MTAB-3929","ERS889115"
"E7.17.1312","embryonic day 7","E-MTAB-3929","ERS889116"
"E7.17.1313","embryonic day 7","E-MTAB-3929","ERS889117"
"E7.17.1314","embryonic day 7","E-MTAB-3929","ERS889118"
"E7.17.1315","embryonic day 7","E-MTAB-3929","ERS889119"
"E7.17.1317","embryonic day 7","E-MTAB-3929","ERS889121"
"E7.17.1320","embryonic day 7","E-MTAB-3929","ERS889123"
"E7.17.1321","embryonic day 7","E-MTAB-3929","ERS889124"
"E7.17.1324","embryonic day 7","E-MTAB-3929","ERS889126"
"E7.17.1327","embryonic day 7","E-MTAB-3929","ERS889128"
"E7.17.1329","embryonic day 7","E-MTAB-3929","ERS889130"
"E7.17.1330","embryonic day 7","E-MTAB-3929","ERS889131"
"E7.17.1332","embryonic day 7","E-MTAB-3929","ERS889133"
"E7.17.1333","embryonic day 7","E-MTAB-3929","ERS889134"
"E7.17.1334","embryonic day 7","E-MTAB-3929","ERS889135"
"E7.17.1335","embryonic day 7","E-MTAB-3929","ERS889136"
"E7.17.1336","embryonic day 7","E-MTAB-3929","ERS889137"
"E7.17.1339","embryonic day 7","E-MTAB-3929","ERS889140"
"E7.17.1340","embryonic day 7","E-MTAB-3929","ERS889141"
"E7.17.1341","embryonic day 7","E-MTAB-3929","ERS889142"
"E7.17.1342","embryonic day 7","E-MTAB-3929","ERS889143"
"E7.17.1343","embryonic day 7","E-MTAB-3929","ERS889144"
"E7.17.1344","embryonic day 7","E-MTAB-3929","ERS889145"
"E7.17.1345","embryonic day 7","E-MTAB-3929","ERS889146"
"E7.17.1346","embryonic day 7","E-MTAB-3929","ERS889147"
"E7.17.1348","embryonic day 7","E-MTAB-3929","ERS889149"
"E7.17.1350","embryonic day 7","E-MTAB-3929","ERS889151"
"E7.17.1351","embryonic day 7","E-MTAB-3929","ERS889152"
"E7.17.1352","embryonic day 7","E-MTAB-3929","ERS889153"
"E7.17.1353","embryonic day 7","E-MTAB-3929","ERS889154"
"E7.19.1542","embryonic day 7","E-MTAB-3929","ERS889157"
"E7.19.1543","embryonic day 7","E-MTAB-3929","ERS889158"
"E7.19.1544","embryonic day 7","E-MTAB-3929","ERS889159"
"E7.19.1545","embryonic day 7","E-MTAB-3929","ERS889160"
"E7.19.1546","embryonic day 7","E-MTAB-3929","ERS889161"
"E7.19.1547","embryonic day 7","E-MTAB-3929","ERS889162"
"E7.19.1548","embryonic day 7","E-MTAB-3929","ERS889163"
"E7.19.1549","embryonic day 7","E-MTAB-3929","ERS889164"
"E7.19.1550","embryonic day 7","E-MTAB-3929","ERS889165"
"E7.19.1551","embryonic day 7","E-MTAB-3929","ERS889166"
"E7.19.1552","embryonic day 7","E-MTAB-3929","ERS889167"
"E7.19.1553","embryonic day 7","E-MTAB-3929","ERS889168"
"E7.19.1564","embryonic day 7","E-MTAB-3929","ERS889171"
"E7.19.1565","embryonic day 7","E-MTAB-3929","ERS889172"
"E7.19.1566","embryonic day 7","E-MTAB-3929","ERS889173"
"E7.19.1569","embryonic day 7","E-MTAB-3929","ERS889176"
"E7.2.138","embryonic day 7","E-MTAB-3929","ERS889177"
"E7.2.139","embryonic day 7","E-MTAB-3929","ERS889178"
"E7.2.141","embryonic day 7","E-MTAB-3929","ERS889179"
"E7.2.142","embryonic day 7","E-MTAB-3929","ERS889180"
"E7.2.144","embryonic day 7","E-MTAB-3929","ERS889181"
"E7.2.145","embryonic day 7","E-MTAB-3929","ERS889182"
"E7.2.146","embryonic day 7","E-MTAB-3929","ERS889183"
"E7.2.147","embryonic day 7","E-MTAB-3929","ERS889184"
"E7.2.148","embryonic day 7","E-MTAB-3929","ERS889185"
"E7.2.149","embryonic day 7","E-MTAB-3929","ERS889186"
"E7.2.150","embryonic day 7","E-MTAB-3929","ERS889187"
"E7.2.151","embryonic day 7","E-MTAB-3929","ERS889188"
"E7.2.152","embryonic day 7","E-MTAB-3929","ERS889189"
"E7.2.154","embryonic day 7","E-MTAB-3929","ERS889191"
"E7.2.155","embryonic day 7","E-MTAB-3929","ERS889192"
"E7.2.156","embryonic day 7","E-MTAB-3929","ERS889193"
"E7.2.157","embryonic day 7","E-MTAB-3929","ERS889194"
"E7.2.158","embryonic day 7","E-MTAB-3929","ERS889195"
"E7.2.159","embryonic day 7","E-MTAB-3929","ERS889196"
"E7.2.160","embryonic day 7","E-MTAB-3929","ERS889197"
"E7.2.161","embryonic day 7","E-MTAB-3929","ERS889198"
"E7.2.162","embryonic day 7","E-MTAB-3929","ERS889199"
"E7.2.163","embryonic day 7","E-MTAB-3929","ERS889200"
"E7.2.164","embryonic day 7","E-MTAB-3929","ERS889201"
"E7.2.165","embryonic day 7","E-MTAB-3929","ERS889202"
"E7.2.166","embryonic day 7","E-MTAB-3929","ERS889203"
"E7.3.167","embryonic day 7","E-MTAB-3929","ERS889204"
"E7.3.168","embryonic day 7","E-MTAB-3929","ERS889205"
"E7.3.170","embryonic day 7","E-MTAB-3929","ERS889206"
"E7.3.171","embryonic day 7","E-MTAB-3929","ERS889207"
"E7.3.172","embryonic day 7","E-MTAB-3929","ERS889208"
"E7.3.173","embryonic day 7","E-MTAB-3929","ERS889209"
"E7.3.174","embryonic day 7","E-MTAB-3929","ERS889210"
"E7.3.175","embryonic day 7","E-MTAB-3929","ERS889211"
"E7.3.176","embryonic day 7","E-MTAB-3929","ERS889212"
"E7.3.177","embryonic day 7","E-MTAB-3929","ERS889213"
"E7.3.178","embryonic day 7","E-MTAB-3929","ERS889214"
"E7.3.179","embryonic day 7","E-MTAB-3929","ERS889215"
"E7.3.181","embryonic day 7","E-MTAB-3929","ERS889216"
"E7.3.183","embryonic day 7","E-MTAB-3929","ERS889218"
"E7.3.185","embryonic day 7","E-MTAB-3929","ERS889220"
"E7.3.186","embryonic day 7","E-MTAB-3929","ERS889221"
"E7.3.187","embryonic day 7","E-MTAB-3929","ERS889222"
"E7.3.189","embryonic day 7","E-MTAB-3929","ERS889224"
"E7.3.190","embryonic day 7","E-MTAB-3929","ERS889225"
"E7.4.191","embryonic day 7","E-MTAB-3929","ERS889226"
"E7.4.192","embryonic day 7","E-MTAB-3929","ERS889227"
"E7.4.193.1","embryonic day 7","E-MTAB-3929","ERS889228"
"E7.4.193.2","embryonic day 7","E-MTAB-3929","ERS889229"
"E7.4.194","embryonic day 7","E-MTAB-3929","ERS889230"
"E7.4.195","embryonic day 7","E-MTAB-3929","ERS889231"
"E7.4.196","embryonic day 7","E-MTAB-3929","ERS889232"
"E7.4.197","embryonic day 7","E-MTAB-3929","ERS889233"
"E7.4.198","embryonic day 7","E-MTAB-3929","ERS889234"
"E7.4.200","embryonic day 7","E-MTAB-3929","ERS889235"
"E7.4.202","embryonic day 7","E-MTAB-3929","ERS889236"
"E7.4.203","embryonic day 7","E-MTAB-3929","ERS889237"
"E7.4.204","embryonic day 7","E-MTAB-3929","ERS889238"
"E7.4.205","embryonic day 7","E-MTAB-3929","ERS889239"
"E7.4.206","embryonic day 7","E-MTAB-3929","ERS889240"
"E7.4.207","embryonic day 7","E-MTAB-3929","ERS889241"
"E7.4.208","embryonic day 7","E-MTAB-3929","ERS889242"
"E7.4.209","embryonic day 7","E-MTAB-3929","ERS889243"
"E7.4.210","embryonic day 7","E-MTAB-3929","ERS889244"
"E7.4.211","embryonic day 7","E-MTAB-3929","ERS889245"
"E7.4.213","embryonic day 7","E-MTAB-3929","ERS889247"
"E7.4.214","embryonic day 7","E-MTAB-3929","ERS889248"
"E7.4.217","embryonic day 7","E-MTAB-3929","ERS889250"
"E7.4.218","embryonic day 7","E-MTAB-3929","ERS889251"
"E7.4.219","embryonic day 7","E-MTAB-3929","ERS889252"
"E7.4.220","embryonic day 7","E-MTAB-3929","ERS889253"
"E7.4.221","embryonic day 7","E-MTAB-3929","ERS889254"
"E7.4.222","embryonic day 7","E-MTAB-3929","ERS889255"
"E7.4.223","embryonic day 7","E-MTAB-3929","ERS889256"
"E7.4.224","embryonic day 7","E-MTAB-3929","ERS889257"
"E7.4.225","embryonic day 7","E-MTAB-3929","ERS889258"
"E7.4.226","embryonic day 7","E-MTAB-3929","ERS889259"
"E7.4.227","embryonic day 7","E-MTAB-3929","ERS889260"
"E7.4.228","embryonic day 7","E-MTAB-3929","ERS889261"
"E7.4.229","embryonic day 7","E-MTAB-3929","ERS889262"
"E7.4.230","embryonic day 7","E-MTAB-3929","ERS889263"
"E7.5.232","embryonic day 7","E-MTAB-3929","ERS889265"
"E7.5.233","embryonic day 7","E-MTAB-3929","ERS889266"
"E7.5.237","embryonic day 7","E-MTAB-3929","ERS889268"
"E7.5.240","embryonic day 7","E-MTAB-3929","ERS889269"
"E7.5.241","embryonic day 7","E-MTAB-3929","ERS889270"
"E7.5.245","embryonic day 7","E-MTAB-3929","ERS889272"
"E7.5.246","embryonic day 7","E-MTAB-3929","ERS889273"
"E7.6.247","embryonic day 7","E-MTAB-3929","ERS889274"
"E7.6.248","embryonic day 7","E-MTAB-3929","ERS889275"
"E7.6.249","embryonic day 7","E-MTAB-3929","ERS889276"
"E7.6.250","embryonic day 7","E-MTAB-3929","ERS889277"
"E7.6.251","embryonic day 7","E-MTAB-3929","ERS889278"
"E7.6.252","embryonic day 7","E-MTAB-3929","ERS889279"
"E7.6.253","embryonic day 7","E-MTAB-3929","ERS889280"
"E7.6.254","embryonic day 7","E-MTAB-3929","ERS889281"
"E7.6.255","embryonic day 7","E-MTAB-3929","ERS889282"
"E7.6.256","embryonic day 7","E-MTAB-3929","ERS889283"
"E7.6.257","embryonic day 7","E-MTAB-3929","ERS889284"
"E7.6.259","embryonic day 7","E-MTAB-3929","ERS889286"
"E7.6.260","embryonic day 7","E-MTAB-3929","ERS889287"
"E7.6.261","embryonic day 7","E-MTAB-3929","ERS889288"
"E7.6.262","embryonic day 7","E-MTAB-3929","ERS889289"
"E7.6.263","embryonic day 7","E-MTAB-3929","ERS889290"
"E7.6.264","embryonic day 7","E-MTAB-3929","ERS889291"
"E7.6.265","embryonic day 7","E-MTAB-3929","ERS889292"
"E7.6.266","embryonic day 7","E-MTAB-3929","ERS889293"
"E7.6.267","embryonic day 7","E-MTAB-3929","ERS889294"
"E7.6.273","embryonic day 7","E-MTAB-3929","ERS889295"
"E7.6.274","embryonic day 7","E-MTAB-3929","ERS889296"
"E7.6.275","embryonic day 7","E-MTAB-3929","ERS889297"
"E7.6.276","embryonic day 7","E-MTAB-3929","ERS889298"
"E7.6.279","embryonic day 7","E-MTAB-3929","ERS889300"
"E7.7.280","embryonic day 7","E-MTAB-3929","ERS889301"
"E7.7.281","embryonic day 7","E-MTAB-3929","ERS889302"
"E7.7.282","embryonic day 7","E-MTAB-3929","ERS889303"
"E7.7.283","embryonic day 7","E-MTAB-3929","ERS889304"
"E7.7.284","embryonic day 7","E-MTAB-3929","ERS889305"
"E7.7.285","embryonic day 7","E-MTAB-3929","ERS889306"
"E7.7.286","embryonic day 7","E-MTAB-3929","ERS889307"
"E7.7.291","embryonic day 7","E-MTAB-3929","ERS889308"
"E7.7.292","embryonic day 7","E-MTAB-3929","ERS889309"
"E7.7.293","embryonic day 7","E-MTAB-3929","ERS889310"
"E7.7.294","embryonic day 7","E-MTAB-3929","ERS889311"
"E7.7.298","embryonic day 7","E-MTAB-3929","ERS889312"
"E7.7.299","embryonic day 7","E-MTAB-3929","ERS889313"
"E7.7.300","embryonic day 7","E-MTAB-3929","ERS889314"
"E7.7.301","embryonic day 7","E-MTAB-3929","ERS889315"
"E7.7.302","embryonic day 7","E-MTAB-3929","ERS889316"
"E7.7.307","embryonic day 7","E-MTAB-3929","ERS889318"
"E7.7.309","embryonic day 7","E-MTAB-3929","ERS889320"
"E7.7.310","embryonic day 7","E-MTAB-3929","ERS889321"
"E7.8.311","embryonic day 7","E-MTAB-3929","ERS889322"
"E7.8.312","embryonic day 7","E-MTAB-3929","ERS889323"
"E7.8.313","embryonic day 7","E-MTAB-3929","ERS889324"
"E7.8.314","embryonic day 7","E-MTAB-3929","ERS889325"
"E7.8.315","embryonic day 7","E-MTAB-3929","ERS889326"
"E7.8.316","embryonic day 7","E-MTAB-3929","ERS889327"
"E7.8.317","embryonic day 7","E-MTAB-3929","ERS889328"
"E7.8.318","embryonic day 7","E-MTAB-3929","ERS889329"
"E7.8.319","embryonic day 7","E-MTAB-3929","ERS889330"
"E7.8.320","embryonic day 7","E-MTAB-3929","ERS889331"
"E7.8.321","embryonic day 7","E-MTAB-3929","ERS889332"
"E7.8.322","embryonic day 7","E-MTAB-3929","ERS889333"
"E7.8.323","embryonic day 7","E-MTAB-3929","ERS889334"
"E7.8.324","embryonic day 7","E-MTAB-3929","ERS889335"
"E7.8.325","embryonic day 7","E-MTAB-3929","ERS889336"
"E7.8.327","embryonic day 7","E-MTAB-3929","ERS889337"
"E7.8.328","embryonic day 7","E-MTAB-3929","ERS889338"
"E7.8.329","embryonic day 7","E-MTAB-3929","ERS889339"
"E7.8.330","embryonic day 7","E-MTAB-3929","ERS889340"
"E7.8.331","embryonic day 7","E-MTAB-3929","ERS889341"
"E7.8.333","embryonic day 7","E-MTAB-3929","ERS889342"
"E7.8.335","embryonic day 7","E-MTAB-3929","ERS889343"
"E7.8.339","embryonic day 7","E-MTAB-3929","ERS889344"
"E7.8.340","embryonic day 7","E-MTAB-3929","ERS889345"
"E7.8.341","embryonic day 7","E-MTAB-3929","ERS889346"
"E7.8.342","embryonic day 7","E-MTAB-3929","ERS889347"
"E7.8.343","embryonic day 7","E-MTAB-3929","ERS889348"
"E7.8.344","embryonic day 7","E-MTAB-3929","ERS889349"
"E7.8.347","embryonic day 7","E-MTAB-3929","ERS889350"
"E7.8.348","embryonic day 7","E-MTAB-3929","ERS889351"
"E7.8.350","embryonic day 7","E-MTAB-3929","ERS889352"
"E7.9.531","embryonic day 7","E-MTAB-3929","ERS889353"
"E7.9.532","embryonic day 7","E-MTAB-3929","ERS889354"
"E7.9.535","embryonic day 7","E-MTAB-3929","ERS889356"
"E7.9.536","embryonic day 7","E-MTAB-3929","ERS889357"
"E7.9.537","embryonic day 7","E-MTAB-3929","ERS889358"
"E7.9.538","embryonic day 7","E-MTAB-3929","ERS889359"
"E7.9.539","embryonic day 7","E-MTAB-3929","ERS889360"
"E7.9.540","embryonic day 7","E-MTAB-3929","ERS889361"
"E7.9.541","embryonic day 7","E-MTAB-3929","ERS889362"
"E7.9.542","embryonic day 7","E-MTAB-3929","ERS889363"
"E7.9.543","embryonic day 7","E-MTAB-3929","ERS889364"
"E7.9.544","embryonic day 7","E-MTAB-3929","ERS889365"
"E7.9.545","embryonic day 7","E-MTAB-3929","ERS889366"
"E7.9.547","embryonic day 7","E-MTAB-3929","ERS889368"
"E7.9.548","embryonic day 7","E-MTAB-3929","ERS889369"
"E7.9.549","embryonic day 7","E-MTAB-3929","ERS889370"
"E7.9.550","embryonic day 7","E-MTAB-3929","ERS889371"
"E7.9.551","embryonic day 7","E-MTAB-3929","ERS889372"
"E7.9.554","embryonic day 7","E-MTAB-3929","ERS889373"
"E7.9.555","embryonic day 7","E-MTAB-3929","ERS889374"
"E7.9.556","embryonic day 7","E-MTAB-3929","ERS889375"
"E7.9.557","embryonic day 7","E-MTAB-3929","ERS889376"
"E7.9.558","embryonic day 7","E-MTAB-3929","ERS889377"
"E7.9.559","embryonic day 7","E-MTAB-3929","ERS889378"
"E7.9.560","embryonic day 7","E-MTAB-3929","ERS889379"
"E7.9.561","embryonic day 7","E-MTAB-3929","ERS889380"
"E7.9.562","embryonic day 7","E-MTAB-3929","ERS889381"
"E7.9.564","embryonic day 7","E-MTAB-3929","ERS889383"
"E7.9.565","embryonic day 7","E-MTAB-3929","ERS889384"
"E7.9.567","embryonic day 7","E-MTAB-3929","ERS889385"
"E7.9.568","embryonic day 7","E-MTAB-3929","ERS889386"
"E7.9.569","embryonic day 7","E-MTAB-3929","ERS889387"
"E7.9.570","embryonic day 7","E-MTAB-3929","ERS889388"
"E7.9.571","embryonic day 7","E-MTAB-3929","ERS889389"
"E7.9.573","embryonic day 7","E-MTAB-3929","ERS889390"
"E7.9.574","embryonic day 7","E-MTAB-3929","ERS889391"
