scenario,task,n,boot,elapsed_seconds,failed_fits
linear_null,1,240,199,1.779,0
linear_null,2,240,199,1.797,0
linear_null,3,240,199,1.775,0
linear_null,4,240,199,1.754,0
linear_null,5,240,199,1.688,0
linear_null,6,240,199,1.604,0
linear_null,7,240,199,1.694,0
linear_null,8,240,199,1.688,0
linear_null,9,240,199,1.66,0
linear_null,10,240,199,1.792,0
linear_null,11,240,199,1.761,0
linear_null,12,240,199,1.756,0
linear_null,13,240,199,1.684,0
linear_null,14,240,199,1.596,0
linear_null,15,240,199,1.669,0
linear_null,16,240,199,1.617,0
linear_null,17,240,199,1.681,0
linear_null,18,240,199,1.647,0
linear_null,19,240,199,1.692,0
linear_null,20,240,199,1.701,0
linear_null,21,240,199,1.681,0
linear_null,22,240,199,1.75,0
linear_null,23,240,199,1.622,0
linear_null,24,240,199,1.756,0
linear_null,25,240,199,1.715,0
linear_null,26,240,199,1.82,0
linear_null,27,240,199,1.86,0
linear_null,28,240,199,1.713,0
linear_null,29,240,199,1.658,0
linear_null,30,240,199,1.647,0
linear_null,31,240,199,1.626,0
linear_null,32,240,199,1.594,0
linear_null,33,240,199,1.772,0
linear_null,34,240,199,1.739,0
linear_null,35,240,199,1.733,0
linear_null,36,240,199,1.798,0
linear_null,37,240,199,1.785,0
linear_null,38,240,199,1.835,0
linear_null,39,240,199,1.903,0
linear_null,40,240,199,1.762,0
linear_null,41,240,199,1.691,0
linear_null,42,240,199,1.867,0
linear_null,43,240,199,1.733,0
linear_null,44,240,199,1.617,0
linear_null,45,240,199,1.584,0
linear_null,46,240,199,1.698,0
linear_null,47,240,199,1.575,0
linear_null,48,240,199,1.697,0
linear_null,49,240,199,1.589,0
linear_null,50,240,199,1.598,0
linear_null,51,240,199,1.606,0
linear_null,52,240,199,1.664,0
linear_null,53,240,199,1.649,0
linear_null,54,240,199,1.644,0
linear_null,55,240,199,1.68,0
linear_null,56,240,199,1.581,0
linear_null,57,240,199,1.694,0
linear_null,58,240,199,1.664,0
linear_null,59,240,199,1.605,0
linear_null,60,240,199,1.656,0
linear_null,61,240,199,1.85,0
linear_null,62,240,199,1.949,0
linear_null,63,240,199,1.768,0
linear_null,64,240,199,1.8,0
linear_null,65,240,199,1.736,0
linear_null,66,240,199,1.638,0
linear_null,67,240,199,1.702,0
linear_null,68,240,199,1.813,0
linear_null,69,240,199,1.836,0
linear_null,70,240,199,1.63,0
linear_null,71,240,199,1.649,0
linear_null,72,240,199,1.705,0
linear_null,73,240,199,1.848,0
linear_null,74,240,199,1.904,0
linear_null,75,240,199,1.967,0
linear_null,76,240,199,1.853,0
linear_null,77,240,199,1.601,0
linear_null,78,240,199,1.7,0
linear_null,79,240,199,1.597,0
linear_null,80,240,199,1.614,0
linear_null,81,240,199,1.573,0
linear_null,82,240,199,1.731,0
linear_null,83,240,199,1.571,0
linear_null,84,240,199,1.709,0
linear_null,85,240,199,1.71899999999999,0
linear_null,86,240,199,1.775,0
linear_null,87,240,199,1.804,0
linear_null,88,240,199,1.809,0
linear_null,89,240,199,1.669,0
linear_null,90,240,199,1.571,0
linear_null,91,240,199,1.727,0
linear_null,92,240,199,1.576,0
linear_null,93,240,199,1.55,0
linear_null,94,240,199,1.602,0
linear_null,95,240,199,1.602,0
linear_null,96,240,199,1.559,0
linear_null,97,240,199,1.691,0
linear_null,98,240,199,1.646,0
linear_null,99,240,199,1.578,0
linear_null,100,240,199,1.747,0
linear_null,101,240,199,1.805,0
linear_null,102,240,199,1.707,0
linear_null,103,240,199,1.82,0
linear_null,104,240,199,1.658,0
linear_null,105,240,199,1.748,0
linear_null,106,240,199,1.546,0
linear_null,107,240,199,1.568,0
linear_null,108,240,199,1.617,0
linear_null,109,240,199,1.708,0
linear_null,110,240,199,1.552,0
linear_null,111,240,199,1.713,0
linear_null,112,240,199,1.553,0
linear_null,113,240,199,1.622,0
linear_null,114,240,199,1.562,0
linear_null,115,240,199,1.632,0
linear_null,116,240,199,1.568,0
linear_null,117,240,199,1.709,0
linear_null,118,240,199,1.586,0
linear_null,119,240,199,1.672,0
linear_null,120,240,199,1.723,0
linear_null,121,240,199,1.562,0
linear_null,122,240,199,1.60299999999999,0
linear_null,123,240,199,1.539,0
linear_null,124,240,199,1.541,0
linear_null,125,240,199,1.637,0
linear_null,126,240,199,1.536,0
linear_null,127,240,199,1.565,0
linear_null,128,240,199,1.606,0
linear_null,129,240,199,1.744,0
linear_null,130,240,199,1.71,0
linear_null,131,240,199,1.637,0
linear_null,132,240,199,1.713,0
linear_null,133,240,199,1.565,0
linear_null,134,240,199,1.814,0
linear_null,135,240,199,1.704,0
linear_null,136,240,199,1.712,0
linear_null,137,240,199,1.622,0
linear_null,138,240,199,1.60400000000001,0
linear_null,139,240,199,1.57,0
linear_null,140,240,199,1.654,0
linear_null,141,240,199,1.733,0
linear_null,142,240,199,1.562,0
linear_null,143,240,199,1.653,0
linear_null,144,240,199,1.599,0
linear_null,145,240,199,1.624,0
linear_null,146,240,199,1.636,0
linear_null,147,240,199,1.643,0
linear_null,148,240,199,1.59399999999999,0
linear_null,149,240,199,1.55800000000001,0
linear_null,150,240,199,1.624,0
linear_null,151,240,199,1.619,0
linear_null,152,240,199,1.553,0
linear_null,153,240,199,1.583,0
linear_null,154,240,199,1.57799999999999,0
linear_null,155,240,199,1.565,0
linear_null,156,240,199,1.636,0
linear_null,157,240,199,1.56800000000001,0
linear_null,158,240,199,1.539,0
linear_null,159,240,199,1.57499999999999,0
linear_null,160,240,199,1.524,0
linear_null,161,240,199,1.611,0
linear_null,162,240,199,1.55799999999999,0
linear_null,163,240,199,1.632,0
linear_null,164,240,199,1.54300000000001,0
linear_null,165,240,199,1.61399999999999,0
linear_null,166,240,199,1.59,0
linear_null,167,240,199,1.557,0
linear_null,168,240,199,1.57100000000001,0
linear_null,169,240,199,1.601,0
linear_null,170,240,199,1.773,0
linear_null,171,240,199,1.615,0
linear_null,172,240,199,1.66,0
linear_null,173,240,199,1.771,0
linear_null,174,240,199,1.822,0
linear_null,175,240,199,1.773,0
linear_null,176,240,199,1.73899999999999,0
linear_null,177,240,199,1.726,0
linear_null,178,240,199,1.643,0
linear_null,179,240,199,1.69,0
linear_null,180,240,199,1.693,0
linear_null,181,240,199,1.667,0
linear_null,182,240,199,1.64400000000001,0
linear_null,183,240,199,1.729,0
linear_null,184,240,199,1.696,0
linear_null,185,240,199,1.637,0
linear_null,186,240,199,1.64699999999999,0
linear_null,187,240,199,1.729,0
linear_null,188,240,199,1.60899999999999,0
linear_null,189,240,199,1.8,0
linear_null,190,240,199,1.8,0
linear_null,191,240,199,1.664,0
linear_null,192,240,199,1.753,0
linear_null,193,240,199,1.789,0
linear_null,194,240,199,1.73,0
linear_null,195,240,199,1.706,0
linear_null,196,240,199,1.69600000000001,0
linear_null,197,240,199,1.574,0
linear_null,198,240,199,1.64700000000001,0
linear_null,199,240,199,1.63499999999999,0
linear_null,200,240,199,1.626,0
linear_null,201,240,199,1.71299999999999,0
linear_null,202,240,199,1.786,0
linear_null,203,240,199,1.70100000000001,0
linear_null,204,240,199,1.786,0
linear_null,205,240,199,1.76900000000001,0
linear_null,206,240,199,1.63800000000001,0
linear_null,207,240,199,1.645,0
linear_null,208,240,199,1.702,0
linear_null,209,240,199,1.617,0
linear_null,210,240,199,1.73699999999999,0
linear_null,211,240,199,1.65300000000001,0
linear_null,212,240,199,1.631,0
linear_null,213,240,199,1.726,0
linear_null,214,240,199,1.866,0
linear_null,215,240,199,1.697,0
linear_null,216,240,199,1.69199999999999,0
linear_null,217,240,199,1.779,0
linear_null,218,240,199,1.724,0
linear_null,219,240,199,1.801,0
linear_null,220,240,199,1.773,0
linear_null,221,240,199,1.667,0
linear_null,222,240,199,1.83799999999999,0
linear_null,223,240,199,1.887,0
linear_null,224,240,199,1.764,0
linear_null,225,240,199,1.901,0
linear_null,226,240,199,1.825,0
linear_null,227,240,199,1.87700000000001,0
linear_null,228,240,199,1.895,0
linear_null,229,240,199,1.636,0
linear_null,230,240,199,1.806,0
linear_null,231,240,199,1.65900000000001,0
linear_null,232,240,199,1.60899999999999,0
linear_null,233,240,199,1.69199999999999,0
linear_null,234,240,199,1.679,0
linear_null,235,240,199,1.71799999999999,0
linear_null,236,240,199,1.714,0
linear_null,237,240,199,1.569,0
linear_null,238,240,199,1.616,0
linear_null,239,240,199,1.66200000000001,0
linear_null,240,240,199,1.733,0
linear_null,241,240,199,1.709,0
linear_null,242,240,199,1.69199999999999,0
linear_null,243,240,199,1.65900000000001,0
linear_null,244,240,199,1.687,0
linear_null,245,240,199,1.61099999999999,0
linear_null,246,240,199,1.732,0
linear_null,247,240,199,1.681,0
linear_null,248,240,199,1.63,0
linear_null,249,240,199,1.783,0
linear_null,250,240,199,1.64099999999999,0
linear_null,251,240,199,1.71000000000001,0
linear_null,252,240,199,1.664,0
linear_null,253,240,199,1.73100000000001,0
linear_null,254,240,199,1.65900000000001,0
linear_null,255,240,199,1.658,0
linear_null,256,240,199,1.69200000000001,0
linear_null,257,240,199,1.85300000000001,0
linear_null,258,240,199,1.839,0
linear_null,259,240,199,1.82100000000001,0
linear_null,260,240,199,1.79600000000001,0
linear_null,261,240,199,1.902,0
linear_null,262,240,199,1.768,0
linear_null,263,240,199,1.91500000000001,0
linear_null,264,240,199,1.815,0
linear_null,265,240,199,1.81100000000001,0
linear_null,266,240,199,1.705,0
linear_null,267,240,199,1.68100000000001,0
linear_null,268,240,199,1.652,0
linear_null,269,240,199,1.669,0
linear_null,270,240,199,1.642,0
linear_null,271,240,199,1.792,0
linear_null,272,240,199,1.77500000000001,0
linear_null,273,240,199,1.57700000000001,0
linear_null,274,240,199,1.59099999999999,0
linear_null,275,240,199,1.60300000000001,0
linear_null,276,240,199,1.631,0
linear_null,277,240,199,1.669,0
linear_null,278,240,199,1.56999999999999,0
linear_null,279,240,199,1.554,0
linear_null,280,240,199,1.535,0
linear_null,281,240,199,1.622,0
linear_null,282,240,199,1.61,0
linear_null,283,240,199,1.64,0
linear_null,284,240,199,1.57700000000001,0
linear_null,285,240,199,1.613,0
linear_null,286,240,199,1.684,0
linear_null,287,240,199,1.57100000000001,0
linear_null,288,240,199,1.66000000000001,0
linear_null,289,240,199,1.661,0
linear_null,290,240,199,1.539,0
linear_null,291,240,199,1.565,0
linear_null,292,240,199,1.63,0
linear_null,293,240,199,1.715,0
linear_null,294,240,199,1.623,0
linear_null,295,240,199,1.637,0
linear_null,296,240,199,1.64399999999999,0
linear_null,297,240,199,1.583,0
linear_null,298,240,199,1.57000000000001,0
linear_null,299,240,199,1.652,0
linear_null,300,240,199,1.571,0
linear_null,301,240,199,1.56299999999999,0
linear_null,302,240,199,1.80100000000002,0
linear_null,303,240,199,1.559,0
linear_null,304,240,199,1.699,0
linear_null,305,240,199,1.59800000000001,0
linear_null,306,240,199,1.56900000000002,0
linear_null,307,240,199,1.63399999999999,0
linear_null,308,240,199,1.68199999999999,0
linear_null,309,240,199,1.655,0
linear_null,310,240,199,1.566,0
linear_null,311,240,199,1.571,0
linear_null,312,240,199,1.56,0
linear_null,313,240,199,1.536,0
linear_null,314,240,199,1.54299999999998,0
linear_null,315,240,199,1.65799999999999,0
linear_null,316,240,199,1.69800000000001,0
linear_null,317,240,199,1.58000000000001,0
linear_null,318,240,199,1.75900000000001,0
linear_null,319,240,199,1.542,0
linear_null,320,240,199,1.57100000000003,0
linear_null,321,240,199,1.59100000000001,0
linear_null,322,240,199,1.54999999999998,0
linear_null,323,240,199,1.565,0
linear_null,324,240,199,1.58700000000002,0
linear_null,325,240,199,1.62700000000001,0
linear_null,326,240,199,1.643,0
linear_null,327,240,199,1.63800000000001,0
linear_null,328,240,199,1.672,0
linear_null,329,240,199,1.65300000000002,0
linear_null,330,240,199,1.57300000000001,0
linear_null,331,240,199,1.65100000000001,0
linear_null,332,240,199,1.69,0
linear_null,333,240,199,1.54599999999999,0
linear_null,334,240,199,1.65800000000002,0
linear_null,335,240,199,1.553,0
linear_null,336,240,199,1.54900000000001,0
linear_null,337,240,199,1.52799999999999,0
linear_null,338,240,199,1.523,0
linear_null,339,240,199,1.61199999999999,0
linear_null,340,240,199,1.67699999999999,0
linear_null,341,240,199,1.572,0
linear_null,342,240,199,1.56699999999998,0
linear_null,343,240,199,1.61599999999999,0
linear_null,344,240,199,1.572,0
linear_null,345,240,199,1.63199999999998,0
linear_null,346,240,199,1.59100000000001,0
linear_null,347,240,199,1.64500000000001,0
linear_null,348,240,199,1.64699999999999,0
linear_null,349,240,199,1.756,0
linear_null,350,240,199,1.65099999999998,0
linear_null,351,240,199,1.619,0
linear_null,352,240,199,1.678,0
linear_null,353,240,199,1.54400000000001,0
linear_null,354,240,199,1.535,0
linear_null,355,240,199,1.67999999999998,0
linear_null,356,240,199,1.654,0
linear_null,357,240,199,1.62700000000001,0
linear_null,358,240,199,1.583,0
linear_null,359,240,199,1.66400000000002,0
linear_null,360,240,199,1.667,0
linear_null,361,240,199,1.696,0
linear_null,362,240,199,1.67099999999999,0
linear_null,363,240,199,1.64399999999998,0
linear_null,364,240,199,1.62300000000002,0
linear_null,365,240,199,1.59999999999999,0
linear_null,366,240,199,1.65899999999999,0
linear_null,367,240,199,1.547,0
linear_null,368,240,199,1.71199999999999,0
linear_null,369,240,199,1.76300000000001,0
linear_null,370,240,199,1.59700000000001,0
linear_null,371,240,199,1.57499999999999,0
linear_null,372,240,199,1.56399999999999,0
linear_null,373,240,199,1.66999999999999,0
linear_null,374,240,199,1.69,0
linear_null,375,240,199,1.74000000000001,0
linear_null,376,240,199,1.74600000000001,0
linear_null,377,240,199,1.59899999999999,0
linear_null,378,240,199,1.62599999999998,0
linear_null,379,240,199,1.77500000000001,0
linear_null,380,240,199,1.71000000000001,0
linear_null,381,240,199,1.57599999999999,0
linear_null,382,240,199,1.59399999999999,0
linear_null,383,240,199,1.59399999999999,0
linear_null,384,240,199,1.58500000000001,0
linear_null,385,240,199,1.66400000000002,0
linear_null,386,240,199,1.65300000000002,0
linear_null,387,240,199,1.56199999999998,0
linear_null,388,240,199,1.60799999999998,0
linear_null,389,240,199,1.624,0
linear_null,390,240,199,1.55499999999998,0
linear_null,391,240,199,1.60499999999999,0
linear_null,392,240,199,1.65700000000001,0
linear_null,393,240,199,1.584,0
linear_null,394,240,199,1.54400000000001,0
linear_null,395,240,199,1.53700000000001,0
linear_null,396,240,199,1.62899999999999,0
linear_null,397,240,199,1.684,0
linear_null,398,240,199,1.68799999999999,0
linear_null,399,240,199,1.637,0
linear_null,400,240,199,1.70499999999998,0
linear_null,401,240,199,1.60000000000002,0
linear_null,402,240,199,1.57400000000001,0
linear_null,403,240,199,1.64099999999999,0
linear_null,404,240,199,1.59900000000002,0
linear_null,405,240,199,1.619,0
linear_null,406,240,199,1.62700000000001,0
linear_null,407,240,199,1.673,0
linear_null,408,240,199,1.59500000000003,0
linear_null,409,240,199,1.59800000000001,0
linear_null,410,240,199,1.636,0
linear_null,411,240,199,1.53399999999999,0
linear_null,412,240,199,1.63800000000001,0
linear_null,413,240,199,1.75899999999999,0
linear_null,414,240,199,1.583,0
linear_null,415,240,199,1.67699999999999,0
linear_null,416,240,199,1.584,0
linear_null,417,240,199,1.59800000000001,0
linear_null,418,240,199,1.65099999999998,0
linear_null,419,240,199,1.67400000000001,0
linear_null,420,240,199,1.70500000000001,0
linear_null,421,240,199,1.55900000000003,0
linear_null,422,240,199,1.517,0
linear_null,423,240,199,1.63499999999999,0
linear_null,424,240,199,1.72800000000001,0
linear_null,425,240,199,1.61800000000002,0
linear_null,426,240,199,1.578,0
linear_null,427,240,199,1.59899999999999,0
linear_null,428,240,199,1.684,0
linear_null,429,240,199,1.68300000000002,0
linear_null,430,240,199,1.56100000000001,0
linear_null,431,240,199,1.572,0
linear_null,432,240,199,1.655,0
linear_null,433,240,199,1.578,0
linear_null,434,240,199,1.65099999999998,0
linear_null,435,240,199,1.709,0
linear_null,436,240,199,1.56100000000001,0
linear_null,437,240,199,1.69399999999999,0
linear_null,438,240,199,1.65600000000001,0
linear_null,439,240,199,1.715,0
linear_null,440,240,199,1.68200000000002,0
linear_null,441,240,199,1.64000000000001,0
linear_null,442,240,199,1.547,0
linear_null,443,240,199,1.59700000000001,0
linear_null,444,240,199,1.58999999999997,0
linear_null,445,240,199,1.51700000000002,0
linear_null,446,240,199,1.58799999999999,0
linear_null,447,240,199,1.55699999999999,0
linear_null,448,240,199,1.578,0
linear_null,449,240,199,1.57599999999999,0
linear_null,450,240,199,1.55499999999998,0
linear_null,451,240,199,1.55500000000001,0
linear_null,452,240,199,1.68000000000001,0
linear_null,453,240,199,1.55500000000001,0
linear_null,454,240,199,1.56700000000001,0
linear_null,455,240,199,1.63799999999998,0
linear_null,456,240,199,1.61599999999999,0
linear_null,457,240,199,1.71100000000001,0
linear_null,458,240,199,1.58099999999999,0
linear_null,459,240,199,1.536,0
linear_null,460,240,199,1.61699999999999,0
linear_null,461,240,199,2.18299999999999,0
linear_null,462,240,199,2.02500000000001,0
linear_null,463,240,199,2.03700000000001,0
linear_null,464,240,199,2.137,0
linear_null,465,240,199,1.87899999999999,0
linear_null,466,240,199,1.827,0
linear_null,467,240,199,1.798,0
linear_null,468,240,199,1.84199999999998,0
linear_null,469,240,199,1.82500000000002,0
linear_null,470,240,199,1.85999999999999,0
linear_null,471,240,199,1.882,0
linear_null,472,240,199,1.85300000000001,0
linear_null,473,240,199,1.69200000000001,0
linear_null,474,240,199,1.93000000000001,0
linear_null,475,240,199,1.882,0
linear_null,476,240,199,1.64499999999998,0
linear_null,477,240,199,1.684,0
linear_null,478,240,199,1.55799999999999,0
linear_null,479,240,199,1.572,0
linear_null,480,240,199,1.69300000000001,0
linear_null,481,240,199,1.68199999999999,0
linear_null,482,240,199,1.607,0
linear_null,483,240,199,1.618,0
linear_null,484,240,199,1.743,0
linear_null,485,240,199,1.77700000000002,0
linear_null,486,240,199,1.767,0
linear_null,487,240,199,1.739,0
linear_null,488,240,199,1.69299999999998,0
linear_null,489,240,199,1.77300000000002,0
linear_null,490,240,199,1.72200000000001,0
linear_null,491,240,199,1.75800000000001,0
linear_null,492,240,199,1.78800000000001,0
linear_null,493,240,199,1.642,0
linear_null,494,240,199,1.661,0
linear_null,495,240,199,1.757,0
linear_null,496,240,199,1.64499999999998,0
linear_null,497,240,199,1.601,0
linear_null,498,240,199,1.68600000000001,0
linear_null,499,240,199,1.73599999999999,0
linear_null,500,240,199,1.678,0
periodic_misspecified,1,240,199,1.72800000000001,0
periodic_misspecified,2,240,199,1.73299999999998,0
periodic_misspecified,3,240,199,1.73500000000001,0
periodic_misspecified,4,240,199,1.75299999999999,0
periodic_misspecified,5,240,199,1.678,0
periodic_misspecified,6,240,199,1.648,0
periodic_misspecified,7,240,199,1.69399999999999,0
periodic_misspecified,8,240,199,1.696,0
periodic_misspecified,9,240,199,1.57700000000003,0
periodic_misspecified,10,240,199,1.61500000000001,0
periodic_misspecified,11,240,199,1.59700000000001,0
periodic_misspecified,12,240,199,1.58099999999999,0
periodic_misspecified,13,240,199,1.62300000000002,0
periodic_misspecified,14,240,199,1.624,0
periodic_misspecified,15,240,199,1.626,0
periodic_misspecified,16,240,199,1.626,0
periodic_misspecified,17,240,199,1.58099999999999,0
periodic_misspecified,18,240,199,1.52799999999999,0
periodic_misspecified,19,240,199,1.58700000000002,0
periodic_misspecified,20,240,199,1.59200000000001,0
periodic_misspecified,21,240,199,1.64500000000001,0
periodic_misspecified,22,240,199,1.65299999999999,0
periodic_misspecified,23,240,199,1.626,0
periodic_misspecified,24,240,199,1.70500000000001,0
periodic_misspecified,25,240,199,1.75800000000001,0
periodic_misspecified,26,240,199,1.73500000000001,0
periodic_misspecified,27,240,199,1.79599999999999,0
periodic_misspecified,28,240,199,1.691,0
periodic_misspecified,29,240,199,1.655,0
periodic_misspecified,30,240,199,1.679,0
periodic_misspecified,31,240,199,1.57400000000001,0
periodic_misspecified,32,240,199,1.70000000000002,0
periodic_misspecified,33,240,199,1.53100000000001,0
periodic_misspecified,34,240,199,1.56100000000001,0
periodic_misspecified,35,240,199,1.55799999999999,0
periodic_misspecified,36,240,199,1.54999999999998,0
periodic_misspecified,37,240,199,1.57900000000001,0
periodic_misspecified,38,240,199,1.529,0
periodic_misspecified,39,240,199,1.584,0
periodic_misspecified,40,240,199,1.547,0
periodic_misspecified,41,240,199,1.596,0
periodic_misspecified,42,240,199,1.595,0
periodic_misspecified,43,240,199,1.58500000000001,0
periodic_misspecified,44,240,199,1.58699999999999,0
periodic_misspecified,45,240,199,1.626,0
periodic_misspecified,46,240,199,1.59500000000003,0
periodic_misspecified,47,240,199,1.60399999999998,0
periodic_misspecified,48,240,199,1.58200000000002,0
periodic_misspecified,49,240,199,1.56700000000001,0
periodic_misspecified,50,240,199,1.64100000000002,0
periodic_misspecified,51,240,199,1.73699999999999,0
periodic_misspecified,52,240,199,1.71299999999999,0
periodic_misspecified,53,240,199,1.68899999999999,0
periodic_misspecified,54,240,199,1.70200000000003,0
periodic_misspecified,55,240,199,1.58799999999999,0
periodic_misspecified,56,240,199,1.50299999999999,0
periodic_misspecified,57,240,199,1.62699999999998,0
periodic_misspecified,58,240,199,1.59900000000002,0
periodic_misspecified,59,240,199,1.62300000000002,0
periodic_misspecified,60,240,199,1.60499999999999,0
periodic_misspecified,61,240,199,1.654,0
periodic_misspecified,62,240,199,1.654,0
periodic_misspecified,63,240,199,1.673,0
periodic_misspecified,64,240,199,1.624,0
periodic_misspecified,65,240,199,1.60599999999999,0
periodic_misspecified,66,240,199,1.57899999999998,0
periodic_misspecified,67,240,199,1.59400000000002,0
periodic_misspecified,68,240,199,1.60599999999999,0
periodic_misspecified,69,240,199,1.63800000000001,0
periodic_misspecified,70,240,199,1.655,0
periodic_misspecified,71,240,199,1.64000000000001,0
periodic_misspecified,72,240,199,1.65099999999998,0
periodic_misspecified,73,240,199,1.66199999999998,0
periodic_misspecified,74,240,199,1.59899999999999,0
periodic_misspecified,75,240,199,1.53799999999998,0
periodic_misspecified,76,240,199,1.578,0
periodic_misspecified,77,240,199,1.61199999999999,0
periodic_misspecified,78,240,199,1.60300000000001,0
periodic_misspecified,79,240,199,1.58199999999999,0
periodic_misspecified,80,240,199,1.63,0
periodic_misspecified,81,240,199,1.63,0
periodic_misspecified,82,240,199,1.636,0
periodic_misspecified,83,240,199,1.714,0
periodic_misspecified,84,240,199,1.63,0
periodic_misspecified,85,240,199,1.59,0
periodic_misspecified,86,240,199,1.59799999999998,0
periodic_misspecified,87,240,199,1.59200000000001,0
periodic_misspecified,88,240,199,1.61500000000001,0
periodic_misspecified,89,240,199,1.62899999999999,0
periodic_misspecified,90,240,199,1.59200000000001,0
periodic_misspecified,91,240,199,1.61199999999999,0
periodic_misspecified,92,240,199,1.69900000000001,0
periodic_misspecified,93,240,199,1.93600000000001,0
periodic_misspecified,94,240,199,1.87200000000001,0
periodic_misspecified,95,240,199,1.845,0
periodic_misspecified,96,240,199,1.833,0
periodic_misspecified,97,240,199,1.59899999999999,0
periodic_misspecified,98,240,199,1.703,0
periodic_misspecified,99,240,199,1.637,0
periodic_misspecified,100,240,199,1.61999999999998,0
periodic_misspecified,101,240,199,1.61000000000001,0
periodic_misspecified,102,240,199,1.577,0
periodic_misspecified,103,240,199,1.69499999999999,0
periodic_misspecified,104,240,199,1.62900000000002,0
periodic_misspecified,105,240,199,1.69400000000002,0
periodic_misspecified,106,240,199,1.70299999999997,0
periodic_misspecified,107,240,199,1.685,0
periodic_misspecified,108,240,199,1.69900000000001,0
periodic_misspecified,109,240,199,1.61099999999996,0
periodic_misspecified,110,240,199,1.61700000000002,0
periodic_misspecified,111,240,199,1.602,0
periodic_misspecified,112,240,199,1.60999999999999,0
periodic_misspecified,113,240,199,1.75299999999999,0
periodic_misspecified,114,240,199,1.69800000000004,0
periodic_misspecified,115,240,199,1.702,0
periodic_misspecified,116,240,199,1.78799999999995,0
periodic_misspecified,117,240,199,1.79999999999995,0
periodic_misspecified,118,240,199,1.85000000000002,0
periodic_misspecified,119,240,199,1.85499999999996,0
periodic_misspecified,120,240,199,1.79699999999997,0
periodic_misspecified,121,240,199,1.673,0
periodic_misspecified,122,240,199,1.71800000000002,0
periodic_misspecified,123,240,199,1.68199999999996,0
periodic_misspecified,124,240,199,1.67099999999999,0
periodic_misspecified,125,240,199,1.61700000000002,0
periodic_misspecified,126,240,199,1.601,0
periodic_misspecified,127,240,199,1.67399999999998,0
periodic_misspecified,128,240,199,1.601,0
periodic_misspecified,129,240,199,1.654,0
periodic_misspecified,130,240,199,1.58199999999999,0
periodic_misspecified,131,240,199,1.50199999999995,0
periodic_misspecified,132,240,199,1.58799999999997,0
periodic_misspecified,133,240,199,1.59399999999999,0
periodic_misspecified,134,240,199,1.57399999999996,0
periodic_misspecified,135,240,199,1.57000000000005,0
periodic_misspecified,136,240,199,1.642,0
periodic_misspecified,137,240,199,1.59700000000004,0
periodic_misspecified,138,240,199,1.57400000000001,0
periodic_misspecified,139,240,199,1.60500000000002,0
periodic_misspecified,140,240,199,1.65600000000001,0
periodic_misspecified,141,240,199,1.69600000000003,0
periodic_misspecified,142,240,199,1.72199999999998,0
periodic_misspecified,143,240,199,1.78100000000001,0
periodic_misspecified,144,240,199,1.70499999999998,0
periodic_misspecified,145,240,199,1.58999999999997,0
periodic_misspecified,146,240,199,1.661,0
periodic_misspecified,147,240,199,1.56900000000002,0
periodic_misspecified,148,240,199,1.56800000000004,0
periodic_misspecified,149,240,199,1.66300000000001,0
periodic_misspecified,150,240,199,1.57299999999998,0
periodic_misspecified,151,240,199,1.58199999999999,0
periodic_misspecified,152,240,199,1.60300000000001,0
periodic_misspecified,153,240,199,1.51299999999998,0
periodic_misspecified,154,240,199,1.55399999999997,0
periodic_misspecified,155,240,199,1.56800000000004,0
periodic_misspecified,156,240,199,1.56900000000002,0
periodic_misspecified,157,240,199,1.56800000000004,0
periodic_misspecified,158,240,199,1.512,0
periodic_misspecified,159,240,199,1.637,0
periodic_misspecified,160,240,199,1.65000000000003,0
periodic_misspecified,161,240,199,1.536,0
periodic_misspecified,162,240,199,1.50300000000004,0
periodic_misspecified,163,240,199,1.49399999999997,0
periodic_misspecified,164,240,199,1.53500000000003,0
periodic_misspecified,165,240,199,1.58699999999999,0
periodic_misspecified,166,240,199,1.62900000000002,0
periodic_misspecified,167,240,199,1.53700000000003,0
periodic_misspecified,168,240,199,1.56,0
periodic_misspecified,169,240,199,1.57900000000001,0
periodic_misspecified,170,240,199,1.48899999999998,0
periodic_misspecified,171,240,199,1.56300000000005,0
periodic_misspecified,172,240,199,1.55900000000003,0
periodic_misspecified,173,240,199,1.59100000000001,0
periodic_misspecified,174,240,199,1.53899999999999,0
periodic_misspecified,175,240,199,1.55000000000001,0
periodic_misspecified,176,240,199,1.60199999999998,0
periodic_misspecified,177,240,199,1.50200000000001,0
periodic_misspecified,178,240,199,1.51099999999997,0
periodic_misspecified,179,240,199,1.53500000000003,0
periodic_misspecified,180,240,199,1.493,0
periodic_misspecified,181,240,199,1.51400000000001,0
periodic_misspecified,182,240,199,1.54399999999998,0
periodic_misspecified,183,240,199,1.584,0
periodic_misspecified,184,240,199,1.45299999999997,0
periodic_misspecified,185,240,199,1.56900000000002,0
periodic_misspecified,186,240,199,1.55799999999999,0
periodic_misspecified,187,240,199,1.50100000000003,0
periodic_misspecified,188,240,199,1.51299999999998,0
periodic_misspecified,189,240,199,1.54899999999998,0
periodic_misspecified,190,240,199,1.52799999999996,0
periodic_misspecified,191,240,199,1.548,0
periodic_misspecified,192,240,199,1.52299999999997,0
periodic_misspecified,193,240,199,1.55500000000001,0
periodic_misspecified,194,240,199,1.56099999999998,0
periodic_misspecified,195,240,199,1.59300000000002,0
periodic_misspecified,196,240,199,1.64599999999996,0
periodic_misspecified,197,240,199,1.56100000000004,0
periodic_misspecified,198,240,199,1.56399999999996,0
periodic_misspecified,199,240,199,1.524,0
periodic_misspecified,200,240,199,1.48899999999998,0
periodic_misspecified,201,240,199,1.54899999999998,0
periodic_misspecified,202,240,199,1.55599999999998,0
periodic_misspecified,203,240,199,1.524,0
periodic_misspecified,204,240,199,1.55599999999998,0
periodic_misspecified,205,240,199,1.55799999999999,0
periodic_misspecified,206,240,199,1.56700000000001,0
periodic_misspecified,207,240,199,1.62299999999999,0
periodic_misspecified,208,240,199,1.541,0
periodic_misspecified,209,240,199,1.63600000000002,0
periodic_misspecified,210,240,199,1.65299999999996,0
periodic_misspecified,211,240,199,1.56799999999998,0
periodic_misspecified,212,240,199,1.60899999999998,0
periodic_misspecified,213,240,199,1.60599999999999,0
periodic_misspecified,214,240,199,1.53899999999999,0
periodic_misspecified,215,240,199,1.51500000000004,0
periodic_misspecified,216,240,199,1.56100000000004,0
periodic_misspecified,217,240,199,1.54300000000001,0
periodic_misspecified,218,240,199,1.54300000000001,0
periodic_misspecified,219,240,199,1.53800000000001,0
periodic_misspecified,220,240,199,1.60000000000002,0
periodic_misspecified,221,240,199,1.61500000000001,0
periodic_misspecified,222,240,199,1.649,0
periodic_misspecified,223,240,199,1.65600000000001,0
periodic_misspecified,224,240,199,1.61900000000003,0
periodic_misspecified,225,240,199,1.649,0
periodic_misspecified,226,240,199,1.54700000000003,0
periodic_misspecified,227,240,199,1.57300000000004,0
periodic_misspecified,228,240,199,1.56,0
periodic_misspecified,229,240,199,1.601,0
periodic_misspecified,230,240,199,1.62299999999999,0
periodic_misspecified,231,240,199,1.66399999999999,0
periodic_misspecified,232,240,199,1.59499999999997,0
periodic_misspecified,233,240,199,1.67099999999999,0
periodic_misspecified,234,240,199,1.71299999999997,0
periodic_misspecified,235,240,199,1.666,0
periodic_misspecified,236,240,199,1.738,0
periodic_misspecified,237,240,199,1.54399999999998,0
periodic_misspecified,238,240,199,1.52699999999999,0
periodic_misspecified,239,240,199,1.536,0
periodic_misspecified,240,240,199,1.577,0
periodic_misspecified,241,240,199,1.55000000000001,0
periodic_misspecified,242,240,199,1.54400000000004,0
periodic_misspecified,243,240,199,1.57599999999996,0
periodic_misspecified,244,240,199,1.58200000000005,0
periodic_misspecified,245,240,199,1.63800000000003,0
periodic_misspecified,246,240,199,1.57799999999997,0
periodic_misspecified,247,240,199,1.57599999999996,0
periodic_misspecified,248,240,199,1.666,0
periodic_misspecified,249,240,199,1.507,0
periodic_misspecified,250,240,199,1.55100000000004,0
periodic_misspecified,251,240,199,1.59399999999999,0
periodic_misspecified,252,240,199,1.51999999999998,0
periodic_misspecified,253,240,199,1.51400000000001,0
periodic_misspecified,254,240,199,1.53199999999998,0
periodic_misspecified,255,240,199,1.50899999999996,0
periodic_misspecified,256,240,199,1.49099999999999,0
periodic_misspecified,257,240,199,1.52600000000001,0
periodic_misspecified,258,240,199,1.58600000000001,0
periodic_misspecified,259,240,199,1.53300000000002,0
periodic_misspecified,260,240,199,1.53100000000001,0
periodic_misspecified,261,240,199,1.529,0
periodic_misspecified,262,240,199,1.50799999999998,0
periodic_misspecified,263,240,199,1.48399999999998,0
periodic_misspecified,264,240,199,1.60700000000003,0
periodic_misspecified,265,240,199,1.60599999999999,0
periodic_misspecified,266,240,199,1.52199999999999,0
periodic_misspecified,267,240,199,1.50099999999998,0
periodic_misspecified,268,240,199,1.55799999999999,0
periodic_misspecified,269,240,199,1.50799999999998,0
periodic_misspecified,270,240,199,1.53100000000001,0
periodic_misspecified,271,240,199,1.608,0
periodic_misspecified,272,240,199,1.55599999999998,0
periodic_misspecified,273,240,199,1.48500000000001,0
periodic_misspecified,274,240,199,1.483,0
periodic_misspecified,275,240,199,1.48499999999996,0
periodic_misspecified,276,240,199,1.48899999999998,0
periodic_misspecified,277,240,199,1.524,0
periodic_misspecified,278,240,199,1.54600000000005,0
periodic_misspecified,279,240,199,1.51900000000001,0
periodic_misspecified,280,240,199,1.52299999999997,0
periodic_misspecified,281,240,199,1.55200000000002,0
periodic_misspecified,282,240,199,1.58999999999997,0
periodic_misspecified,283,240,199,1.54899999999998,0
periodic_misspecified,284,240,199,1.55000000000001,0
periodic_misspecified,285,240,199,1.52699999999999,0
periodic_misspecified,286,240,199,1.52199999999999,0
periodic_misspecified,287,240,199,1.529,0
periodic_misspecified,288,240,199,1.52799999999996,0
periodic_misspecified,289,240,199,1.60299999999995,0
periodic_misspecified,290,240,199,1.49700000000001,0
periodic_misspecified,291,240,199,1.53300000000002,0
periodic_misspecified,292,240,199,1.56900000000002,0
periodic_misspecified,293,240,199,1.56700000000001,0
periodic_misspecified,294,240,199,1.60199999999998,0
periodic_misspecified,295,240,199,1.43900000000002,0
periodic_misspecified,296,240,199,1.608,0
periodic_misspecified,297,240,199,1.54599999999999,0
periodic_misspecified,298,240,199,1.57900000000001,0
periodic_misspecified,299,240,199,1.53300000000002,0
periodic_misspecified,300,240,199,1.608,0
periodic_misspecified,301,240,199,1.55099999999999,0
periodic_misspecified,302,240,199,1.56999999999999,0
periodic_misspecified,303,240,199,1.53200000000004,0
periodic_misspecified,304,240,199,1.52999999999997,0
periodic_misspecified,305,240,199,1.709,0
periodic_misspecified,306,240,199,1.58999999999997,0
periodic_misspecified,307,240,199,1.51499999999999,0
periodic_misspecified,308,240,199,1.54599999999999,0
periodic_misspecified,309,240,199,1.50599999999997,0
periodic_misspecified,310,240,199,1.59699999999998,0
periodic_misspecified,311,240,199,1.53999999999996,0
periodic_misspecified,312,240,199,1.53100000000001,0
periodic_misspecified,313,240,199,1.53399999999999,0
periodic_misspecified,314,240,199,1.53800000000001,0
periodic_misspecified,315,240,199,1.529,0
periodic_misspecified,316,240,199,1.55199999999996,0
periodic_misspecified,317,240,199,1.54199999999997,0
periodic_misspecified,318,240,199,1.52599999999995,0
periodic_misspecified,319,240,199,1.53100000000001,0
periodic_misspecified,320,240,199,1.61499999999995,0
periodic_misspecified,321,240,199,1.59700000000004,0
periodic_misspecified,322,240,199,1.64800000000002,0
periodic_misspecified,323,240,199,1.53900000000004,0
periodic_misspecified,324,240,199,1.52800000000002,0
periodic_misspecified,325,240,199,1.51799999999997,0
periodic_misspecified,326,240,199,1.51100000000002,0
periodic_misspecified,327,240,199,1.53299999999996,0
periodic_misspecified,328,240,199,1.52499999999998,0
periodic_misspecified,329,240,199,1.53899999999999,0
periodic_misspecified,330,240,199,1.51900000000001,0
periodic_misspecified,331,240,199,1.53999999999996,0
periodic_misspecified,332,240,199,1.548,0
periodic_misspecified,333,240,199,1.61100000000005,0
periodic_misspecified,334,240,199,1.613,0
periodic_misspecified,335,240,199,1.66000000000003,0
periodic_misspecified,336,240,199,1.697,0
periodic_misspecified,337,240,199,1.577,0
periodic_misspecified,338,240,199,1.55099999999999,0
periodic_misspecified,339,240,199,1.53500000000003,0
periodic_misspecified,340,240,199,1.53199999999998,0
periodic_misspecified,341,240,199,1.62300000000005,0
periodic_misspecified,342,240,199,1.57800000000003,0
periodic_misspecified,343,240,199,1.56100000000004,0
periodic_misspecified,344,240,199,1.55599999999998,0
periodic_misspecified,345,240,199,1.50599999999997,0
periodic_misspecified,346,240,199,1.495,0
periodic_misspecified,347,240,199,1.54000000000002,0
periodic_misspecified,348,240,199,1.53100000000001,0
periodic_misspecified,349,240,199,1.423,0
periodic_misspecified,350,240,199,1.54399999999998,0
periodic_misspecified,351,240,199,1.58499999999998,0
periodic_misspecified,352,240,199,1.60500000000002,0
periodic_misspecified,353,240,199,1.53100000000001,0
periodic_misspecified,354,240,199,1.49100000000004,0
periodic_misspecified,355,240,199,1.51999999999998,0
periodic_misspecified,356,240,199,1.50199999999995,0
periodic_misspecified,357,240,199,1.58999999999997,0
periodic_misspecified,358,240,199,1.55000000000001,0
periodic_misspecified,359,240,199,1.529,0
periodic_misspecified,360,240,199,1.53499999999997,0
periodic_misspecified,361,240,199,1.57300000000004,0
periodic_misspecified,362,240,199,1.666,0
periodic_misspecified,363,240,199,1.61400000000003,0
periodic_misspecified,364,240,199,1.69799999999998,0
periodic_misspecified,365,240,199,1.71199999999999,0
periodic_misspecified,366,240,199,1.65799999999996,0
periodic_misspecified,367,240,199,1.666,0
periodic_misspecified,368,240,199,1.67200000000003,0
periodic_misspecified,369,240,199,1.71800000000002,0
periodic_misspecified,370,240,199,1.74000000000001,0
periodic_misspecified,371,240,199,1.67700000000002,0
periodic_misspecified,372,240,199,1.68900000000002,0
periodic_misspecified,373,240,199,1.65800000000002,0
periodic_misspecified,374,240,199,1.64100000000002,0
periodic_misspecified,375,240,199,1.69299999999998,0
periodic_misspecified,376,240,199,1.65299999999996,0
periodic_misspecified,377,240,199,1.762,0
periodic_misspecified,378,240,199,1.74400000000003,0
periodic_misspecified,379,240,199,1.697,0
periodic_misspecified,380,240,199,1.697,0
periodic_misspecified,381,240,199,1.47800000000001,0
periodic_misspecified,382,240,199,1.60700000000003,0
periodic_misspecified,383,240,199,1.608,0
periodic_misspecified,384,240,199,1.59500000000003,0
periodic_misspecified,385,240,199,1.613,0
periodic_misspecified,386,240,199,1.63900000000001,0
periodic_misspecified,387,240,199,1.62399999999997,0
periodic_misspecified,388,240,199,1.60400000000004,0
periodic_misspecified,389,240,199,1.62900000000002,0
periodic_misspecified,390,240,199,1.54599999999999,0
periodic_misspecified,391,240,199,1.60499999999996,0
periodic_misspecified,392,240,199,1.589,0
periodic_misspecified,393,240,199,1.54200000000003,0
periodic_misspecified,394,240,199,1.584,0
periodic_misspecified,395,240,199,1.565,0
periodic_misspecified,396,240,199,1.56700000000001,0
periodic_misspecified,397,240,199,1.53199999999998,0
periodic_misspecified,398,240,199,1.58299999999997,0
periodic_misspecified,399,240,199,1.54300000000001,0
periodic_misspecified,400,240,199,1.56,0
periodic_misspecified,401,240,199,1.49400000000003,0
periodic_misspecified,402,240,199,1.553,0
periodic_misspecified,403,240,199,1.56400000000002,0
periodic_misspecified,404,240,199,1.63099999999997,0
periodic_misspecified,405,240,199,1.565,0
periodic_misspecified,406,240,199,1.63299999999998,0
periodic_misspecified,407,240,199,1.57600000000002,0
periodic_misspecified,408,240,199,1.553,0
periodic_misspecified,409,240,199,1.59100000000001,0
periodic_misspecified,410,240,199,1.57999999999998,0
periodic_misspecified,411,240,199,1.67800000000005,0
periodic_misspecified,412,240,199,1.57499999999999,0
periodic_misspecified,413,240,199,1.57800000000003,0
periodic_misspecified,414,240,199,1.58000000000004,0
periodic_misspecified,415,240,199,1.577,0
periodic_misspecified,416,240,199,1.58999999999997,0
periodic_misspecified,417,240,199,1.60300000000001,0
periodic_misspecified,418,240,199,1.61899999999997,0
periodic_misspecified,419,240,199,1.512,0
periodic_misspecified,420,240,199,1.59100000000001,0
periodic_misspecified,421,240,199,1.52800000000002,0
periodic_misspecified,422,240,199,1.50799999999998,0
periodic_misspecified,423,240,199,1.49700000000001,0
periodic_misspecified,424,240,199,1.43099999999998,0
periodic_misspecified,425,240,199,1.60299999999995,0
periodic_misspecified,426,240,199,1.57599999999996,0
periodic_misspecified,427,240,199,1.62299999999999,0
periodic_misspecified,428,240,199,1.64600000000002,0
periodic_misspecified,429,240,199,1.59899999999999,0
periodic_misspecified,430,240,199,1.62400000000002,0
periodic_misspecified,431,240,199,1.60999999999996,0
periodic_misspecified,432,240,199,1.56799999999998,0
periodic_misspecified,433,240,199,1.58500000000004,0
periodic_misspecified,434,240,199,1.60899999999998,0
periodic_misspecified,435,240,199,1.59399999999999,0
periodic_misspecified,436,240,199,1.61899999999997,0
periodic_misspecified,437,240,199,1.56700000000001,0
periodic_misspecified,438,240,199,1.66300000000001,0
periodic_misspecified,439,240,199,1.57400000000001,0
periodic_misspecified,440,240,199,1.63199999999995,0
periodic_misspecified,441,240,199,1.608,0
periodic_misspecified,442,240,199,1.59499999999997,0
periodic_misspecified,443,240,199,1.64400000000001,0
periodic_misspecified,444,240,199,1.66399999999999,0
periodic_misspecified,445,240,199,1.50900000000001,0
periodic_misspecified,446,240,199,1.56599999999997,0
periodic_misspecified,447,240,199,1.63,0
periodic_misspecified,448,240,199,1.55099999999999,0
periodic_misspecified,449,240,199,1.60300000000001,0
periodic_misspecified,450,240,199,1.61900000000003,0
periodic_misspecified,451,240,199,1.53800000000001,0
periodic_misspecified,452,240,199,1.54200000000003,0
periodic_misspecified,453,240,199,1.65800000000002,0
periodic_misspecified,454,240,199,1.66300000000001,0
periodic_misspecified,455,240,199,1.60399999999998,0
periodic_misspecified,456,240,199,1.59300000000002,0
periodic_misspecified,457,240,199,1.55000000000001,0
periodic_misspecified,458,240,199,1.55699999999996,0
periodic_misspecified,459,240,199,1.56299999999999,0
periodic_misspecified,460,240,199,1.59300000000002,0
periodic_misspecified,461,240,199,1.56799999999998,0
periodic_misspecified,462,240,199,1.58499999999998,0
periodic_misspecified,463,240,199,1.65700000000004,0
periodic_misspecified,464,240,199,1.64499999999998,0
periodic_misspecified,465,240,199,1.58099999999996,0
periodic_misspecified,466,240,199,1.64599999999996,0
periodic_misspecified,467,240,199,1.57299999999998,0
periodic_misspecified,468,240,199,1.55899999999997,0
periodic_misspecified,469,240,199,1.63600000000002,0
periodic_misspecified,470,240,199,1.61099999999999,0
periodic_misspecified,471,240,199,1.60500000000002,0
periodic_misspecified,472,240,199,1.62700000000001,0
periodic_misspecified,473,240,199,1.72200000000004,0
periodic_misspecified,474,240,199,1.64600000000002,0
periodic_misspecified,475,240,199,1.71999999999997,0
periodic_misspecified,476,240,199,1.577,0
periodic_misspecified,477,240,199,1.53200000000004,0
periodic_misspecified,478,240,199,1.57000000000005,0
periodic_misspecified,479,240,199,1.52999999999997,0
periodic_misspecified,480,240,199,1.601,0
periodic_misspecified,481,240,199,1.66300000000001,0
periodic_misspecified,482,240,199,1.65699999999998,0
periodic_misspecified,483,240,199,1.66300000000001,0
periodic_misspecified,484,240,199,1.70800000000003,0
periodic_misspecified,485,240,199,1.61599999999999,0
periodic_misspecified,486,240,199,1.62399999999997,0
periodic_misspecified,487,240,199,1.625,0
periodic_misspecified,488,240,199,1.58299999999997,0
periodic_misspecified,489,240,199,1.57100000000003,0
periodic_misspecified,490,240,199,1.66699999999997,0
periodic_misspecified,491,240,199,1.60500000000002,0
periodic_misspecified,492,240,199,1.56799999999998,0
periodic_misspecified,493,240,199,1.53400000000005,0
periodic_misspecified,494,240,199,1.52099999999996,0
periodic_misspecified,495,240,199,1.60200000000003,0
periodic_misspecified,496,240,199,1.52799999999996,0
periodic_misspecified,497,240,199,1.75599999999997,0
periodic_misspecified,498,240,199,1.69800000000004,0
periodic_misspecified,499,240,199,1.65699999999998,0
periodic_misspecified,500,240,199,1.71199999999999,0
periodic_null,1,240,199,2.02100000000002,0
periodic_null,2,240,199,1.92399999999998,0
periodic_null,3,240,199,2.048,0
periodic_null,4,240,199,1.98500000000001,0
periodic_null,5,240,199,1.87700000000001,0
periodic_null,6,240,199,1.81099999999998,0
periodic_null,7,240,199,1.91199999999998,0
periodic_null,8,240,199,1.80399999999997,0
periodic_null,9,240,199,1.72900000000004,0
periodic_null,10,240,199,1.78800000000001,0
periodic_null,11,240,199,1.697,0
periodic_null,12,240,199,1.77800000000002,0
periodic_null,13,240,199,1.71800000000002,0
periodic_null,14,240,199,1.79499999999996,0
periodic_null,15,240,199,1.68600000000004,0
periodic_null,16,240,199,1.685,0
periodic_null,17,240,199,1.73900000000003,0
periodic_null,18,240,199,1.77100000000002,0
periodic_null,19,240,199,1.86699999999996,0
periodic_null,20,240,199,1.78399999999999,0
periodic_null,21,240,199,1.74000000000001,0
periodic_null,22,240,199,1.757,0
periodic_null,23,240,199,1.82900000000001,0
periodic_null,24,240,199,1.81,0
periodic_null,25,240,199,1.75400000000002,0
periodic_null,26,240,199,1.743,0
periodic_null,27,240,199,1.76000000000005,0
periodic_null,28,240,199,1.81800000000004,0
periodic_null,29,240,199,1.74900000000002,0
periodic_null,30,240,199,1.86500000000001,0
periodic_null,31,240,199,1.73700000000002,0
periodic_null,32,240,199,1.685,0
periodic_null,33,240,199,1.72700000000003,0
periodic_null,34,240,199,1.79500000000002,0
periodic_null,35,240,199,1.77699999999999,0
periodic_null,36,240,199,1.70400000000001,0
periodic_null,37,240,199,1.70099999999996,0
periodic_null,38,240,199,1.84099999999995,0
periodic_null,39,240,199,1.70499999999998,0
periodic_null,40,240,199,1.70699999999999,0
periodic_null,41,240,199,1.85499999999996,0
periodic_null,42,240,199,1.96999999999997,0
periodic_null,43,240,199,1.90299999999996,0
periodic_null,44,240,199,1.97999999999996,0
periodic_null,45,240,199,1.93599999999998,0
periodic_null,46,240,199,1.82599999999996,0
periodic_null,47,240,199,1.834,0
periodic_null,48,240,199,1.868,0
periodic_null,49,240,199,1.75999999999999,0
periodic_null,50,240,199,1.99599999999998,0
periodic_null,51,240,199,1.85000000000002,0
periodic_null,52,240,199,1.76400000000001,0
periodic_null,53,240,199,1.863,0
periodic_null,54,240,199,1.96799999999996,0
periodic_null,55,240,199,1.89400000000001,0
periodic_null,56,240,199,1.92700000000002,0
periodic_null,57,240,199,1.94799999999998,0
periodic_null,58,240,199,1.95099999999996,0
periodic_null,59,240,199,2.084,0
periodic_null,60,240,199,2.03500000000003,0
periodic_null,61,240,199,1.92400000000004,0
periodic_null,62,240,199,1.95100000000002,0
periodic_null,63,240,199,1.976,0
periodic_null,64,240,199,1.839,0
periodic_null,65,240,199,2.08600000000001,0
periodic_null,66,240,199,1.88800000000003,0
periodic_null,67,240,199,1.89699999999999,0
periodic_null,68,240,199,2.07500000000005,0
periodic_null,69,240,199,1.815,0
periodic_null,70,240,199,2.01299999999998,0
periodic_null,71,240,199,1.86199999999997,0
periodic_null,72,240,199,1.875,0
periodic_null,73,240,199,1.85199999999998,0
periodic_null,74,240,199,1.78000000000003,0
periodic_null,75,240,199,1.82599999999996,0
periodic_null,76,240,199,1.89400000000001,0
periodic_null,77,240,199,1.71999999999997,0
periodic_null,78,240,199,1.73099999999999,0
periodic_null,79,240,199,1.77199999999999,0
periodic_null,80,240,199,1.78100000000001,0
periodic_null,81,240,199,1.74699999999996,0
periodic_null,82,240,199,1.72800000000001,0
periodic_null,83,240,199,1.87299999999999,0
periodic_null,84,240,199,1.80799999999999,0
periodic_null,85,240,199,1.733,0
periodic_null,86,240,199,1.72300000000001,0
periodic_null,87,240,199,1.74400000000003,0
periodic_null,88,240,199,1.76099999999997,0
periodic_null,89,240,199,1.82300000000004,0
periodic_null,90,240,199,1.78399999999999,0
periodic_null,91,240,199,1.72700000000003,0
periodic_null,92,240,199,1.839,0
periodic_null,93,240,199,1.72300000000001,0
periodic_null,94,240,199,1.786,0
periodic_null,95,240,199,1.71999999999997,0
periodic_null,96,240,199,1.78800000000001,0
periodic_null,97,240,199,1.757,0
periodic_null,98,240,199,1.68299999999999,0
periodic_null,99,240,199,1.78199999999998,0
periodic_null,100,240,199,1.78000000000003,0
periodic_null,101,240,199,1.69400000000002,0
periodic_null,102,240,199,1.76999999999998,0
periodic_null,103,240,199,1.87099999999998,0
periodic_null,104,240,199,1.67399999999998,0
periodic_null,105,240,199,1.75599999999997,0
periodic_null,106,240,199,1.721,0
periodic_null,107,240,199,1.79900000000004,0
periodic_null,108,240,199,1.69899999999996,0
periodic_null,109,240,199,1.791,0
periodic_null,110,240,199,1.85599999999999,0
periodic_null,111,240,199,1.83100000000002,0
periodic_null,112,240,199,1.798,0
periodic_null,113,240,199,1.75600000000003,0
periodic_null,114,240,199,1.82799999999997,0
periodic_null,115,240,199,1.82300000000004,0
periodic_null,116,240,199,1.73099999999999,0
periodic_null,117,240,199,1.851,0
periodic_null,118,240,199,1.73900000000003,0
periodic_null,119,240,199,1.76399999999995,0
periodic_null,120,240,199,1.75100000000003,0
periodic_null,121,240,199,1.94800000000004,0
periodic_null,122,240,199,1.75099999999998,0
periodic_null,123,240,199,1.80400000000003,0
periodic_null,124,240,199,1.87,0
periodic_null,125,240,199,1.73599999999999,0
periodic_null,126,240,199,1.75,0
periodic_null,127,240,199,1.791,0
periodic_null,128,240,199,1.714,0
periodic_null,129,240,199,1.947,0
periodic_null,130,240,199,1.92000000000002,0
periodic_null,131,240,199,1.87299999999999,0
periodic_null,132,240,199,1.87900000000002,0
periodic_null,133,240,199,1.72800000000001,0
periodic_null,134,240,199,1.87600000000003,0
periodic_null,135,240,199,1.714,0
periodic_null,136,240,199,1.73399999999998,0
periodic_null,137,240,199,1.73899999999998,0
periodic_null,138,240,199,1.71899999999999,0
periodic_null,139,240,199,1.72399999999999,0
periodic_null,140,240,199,1.75,0
periodic_null,141,240,199,1.81300000000005,0
periodic_null,142,240,199,1.72199999999998,0
periodic_null,143,240,199,1.85399999999998,0
periodic_null,144,240,199,1.77199999999999,0
periodic_null,145,240,199,1.72899999999998,0
periodic_null,146,240,199,1.85599999999999,0
periodic_null,147,240,199,1.68399999999997,0
periodic_null,148,240,199,1.85300000000001,0
periodic_null,149,240,199,1.74099999999999,0
periodic_null,150,240,199,1.74000000000001,0
periodic_null,151,240,199,1.714,0
periodic_null,152,240,199,1.87899999999996,0
periodic_null,153,240,199,1.73099999999999,0
periodic_null,154,240,199,1.85200000000003,0
periodic_null,155,240,199,1.80200000000002,0
periodic_null,156,240,199,1.74799999999999,0
periodic_null,157,240,199,1.92700000000002,0
periodic_null,158,240,199,1.84100000000001,0
periodic_null,159,240,199,1.84300000000002,0
periodic_null,160,240,199,1.93199999999996,0
periodic_null,161,240,199,1.90500000000003,0
periodic_null,162,240,199,1.89299999999997,0
periodic_null,163,240,199,1.94200000000001,0
periodic_null,164,240,199,1.79899999999998,0
periodic_null,165,240,199,1.97200000000004,0
periodic_null,166,240,199,1.786,0
periodic_null,167,240,199,1.82299999999998,0
periodic_null,168,240,199,1.779,0
periodic_null,169,240,199,1.82599999999996,0
periodic_null,170,240,199,1.91999999999996,0
periodic_null,171,240,199,1.78700000000003,0
periodic_null,172,240,199,1.87100000000004,0
periodic_null,173,240,199,1.81700000000001,0
periodic_null,174,240,199,1.85300000000001,0
periodic_null,175,240,199,1.88099999999997,0
periodic_null,176,240,199,1.92899999999997,0
periodic_null,177,240,199,1.82899999999995,0
periodic_null,178,240,199,1.79199999999997,0
periodic_null,179,240,199,1.97499999999997,0
periodic_null,180,240,199,1.89999999999998,0
periodic_null,181,240,199,1.79599999999999,0
periodic_null,182,240,199,1.87,0
periodic_null,183,240,199,1.86200000000002,0
periodic_null,184,240,199,1.83299999999997,0
periodic_null,185,240,199,1.87900000000002,0
periodic_null,186,240,199,1.94900000000001,0
periodic_null,187,240,199,2.02300000000002,0
periodic_null,188,240,199,1.82899999999995,0
periodic_null,189,240,199,1.94200000000001,0
periodic_null,190,240,199,1.85900000000004,0
periodic_null,191,240,199,1.87200000000001,0
periodic_null,192,240,199,1.89999999999998,0
periodic_null,193,240,199,1.85900000000004,0
periodic_null,194,240,199,1.875,0
periodic_null,195,240,199,1.75900000000001,0
periodic_null,196,240,199,1.82299999999998,0
periodic_null,197,240,199,1.78000000000003,0
periodic_null,198,240,199,1.77600000000001,0
periodic_null,199,240,199,1.81,0
periodic_null,200,240,199,1.858,0
periodic_null,201,240,199,1.78399999999999,0
periodic_null,202,240,199,1.88600000000002,0
periodic_null,203,240,199,1.92900000000003,0
periodic_null,204,240,199,1.85699999999997,0
periodic_null,205,240,199,1.827,0
periodic_null,206,240,199,1.69299999999998,0
periodic_null,207,240,199,1.69600000000003,0
periodic_null,208,240,199,1.83199999999999,0
periodic_null,209,240,199,1.66300000000001,0
periodic_null,210,240,199,1.71800000000002,0
periodic_null,211,240,199,1.69999999999999,0
periodic_null,212,240,199,1.84199999999998,0
periodic_null,213,240,199,1.83199999999999,0
periodic_null,214,240,199,1.79199999999997,0
periodic_null,215,240,199,1.70599999999996,0
periodic_null,216,240,199,1.73500000000001,0
periodic_null,217,240,199,1.77700000000004,0
periodic_null,218,240,199,1.86200000000002,0
periodic_null,219,240,199,1.84199999999998,0
periodic_null,220,240,199,1.83600000000001,0
periodic_null,221,240,199,1.89499999999998,0
periodic_null,222,240,199,1.80000000000001,0
periodic_null,223,240,199,1.86899999999997,0
periodic_null,224,240,199,1.97900000000004,0
periodic_null,225,240,199,1.78800000000001,0
periodic_null,226,240,199,1.81200000000001,0
periodic_null,227,240,199,1.78899999999999,0
periodic_null,228,240,199,1.75,0
periodic_null,229,240,199,1.88800000000003,0
periodic_null,230,240,199,1.774,0
periodic_null,231,240,199,1.77700000000004,0
periodic_null,232,240,199,1.91100000000006,0
periodic_null,233,240,199,1.68799999999999,0
periodic_null,234,240,199,1.83300000000008,0
periodic_null,235,240,199,1.74699999999996,0
periodic_null,236,240,199,1.86000000000001,0
periodic_null,237,240,199,1.79300000000001,0
periodic_null,238,240,199,1.846,0
periodic_null,239,240,199,1.74700000000007,0
periodic_null,240,240,199,1.80600000000004,0
periodic_null,241,240,199,1.71900000000005,0
periodic_null,242,240,199,1.80799999999999,0
periodic_null,243,240,199,1.75699999999995,0
periodic_null,244,240,199,1.72000000000003,0
periodic_null,245,240,199,1.70299999999997,0
periodic_null,246,240,199,1.70100000000002,0
periodic_null,247,240,199,1.70399999999995,0
periodic_null,248,240,199,1.76900000000001,0
periodic_null,249,240,199,1.71600000000001,0
periodic_null,250,240,199,1.803,0
periodic_null,251,240,199,1.84800000000007,0
periodic_null,252,240,199,1.69600000000003,0
periodic_null,253,240,199,1.77499999999998,0
periodic_null,254,240,199,1.71100000000001,0
periodic_null,255,240,199,1.76199999999994,0
periodic_null,256,240,199,1.79899999999998,0
periodic_null,257,240,199,1.69100000000003,0
periodic_null,258,240,199,1.68200000000002,0
periodic_null,259,240,199,1.79999999999995,0
periodic_null,260,240,199,1.75099999999998,0
periodic_null,261,240,199,1.73599999999999,0
periodic_null,262,240,199,1.70499999999993,0
periodic_null,263,240,199,1.72199999999998,0
periodic_null,264,240,199,1.76600000000008,0
periodic_null,265,240,199,1.72799999999995,0
periodic_null,266,240,199,1.72300000000007,0
periodic_null,267,240,199,1.70699999999999,0
periodic_null,268,240,199,1.70000000000005,0
periodic_null,269,240,199,1.81599999999992,0
periodic_null,270,240,199,1.82799999999997,0
periodic_null,271,240,199,1.74299999999994,0
periodic_null,272,240,199,1.77800000000002,0
periodic_null,273,240,199,1.78800000000001,0
periodic_null,274,240,199,1.68399999999997,0
periodic_null,275,240,199,1.79900000000009,0
periodic_null,276,240,199,1.76800000000003,0
periodic_null,277,240,199,1.69200000000001,0
periodic_null,278,240,199,1.78699999999992,0
periodic_null,279,240,199,1.80599999999993,0
periodic_null,280,240,199,1.68799999999999,0
periodic_null,281,240,199,1.69299999999998,0
periodic_null,282,240,199,1.71399999999994,0
periodic_null,283,240,199,1.69200000000001,0
periodic_null,284,240,199,1.69100000000003,0
periodic_null,285,240,199,1.702,0
periodic_null,286,240,199,1.78200000000004,0
periodic_null,287,240,199,1.76099999999997,0
periodic_null,288,240,199,1.75999999999999,0
periodic_null,289,240,199,1.83600000000001,0
periodic_null,290,240,199,1.79100000000005,0
periodic_null,291,240,199,1.70299999999997,0
periodic_null,292,240,199,1.71000000000004,0
periodic_null,293,240,199,1.73400000000004,0
periodic_null,294,240,199,1.69399999999996,0
periodic_null,295,240,199,1.76999999999998,0
periodic_null,296,240,199,1.82499999999993,0
periodic_null,297,240,199,1.78800000000001,0
periodic_null,298,240,199,1.69500000000005,0
periodic_null,299,240,199,1.79700000000003,0
periodic_null,300,240,199,1.75,0
periodic_null,301,240,199,1.68900000000008,0
periodic_null,302,240,199,1.76600000000008,0
periodic_null,303,240,199,1.697,0
periodic_null,304,240,199,1.71499999999992,0
periodic_null,305,240,199,1.702,0
periodic_null,306,240,199,1.80700000000002,0
periodic_null,307,240,199,1.79600000000005,0
periodic_null,308,240,199,1.73799999999994,0
periodic_null,309,240,199,1.86800000000005,0
periodic_null,310,240,199,1.75699999999995,0
periodic_null,311,240,199,1.76999999999998,0
periodic_null,312,240,199,1.78700000000003,0
periodic_null,313,240,199,1.78499999999997,0
periodic_null,314,240,199,1.73099999999999,0
periodic_null,315,240,199,1.84799999999996,0
periodic_null,316,240,199,1.82100000000003,0
periodic_null,317,240,199,1.87600000000009,0
periodic_null,318,240,199,1.81999999999994,0
periodic_null,319,240,199,1.85299999999995,0
periodic_null,320,240,199,1.76099999999997,0
periodic_null,321,240,199,1.86400000000003,0
periodic_null,322,240,199,1.8069999999999,0
periodic_null,323,240,199,1.79899999999998,0
periodic_null,324,240,199,1.7650000000001,0
periodic_null,325,240,199,1.798,0
periodic_null,326,240,199,1.9319999999999,0
periodic_null,327,240,199,1.85899999999992,0
periodic_null,328,240,199,1.77800000000002,0
periodic_null,329,240,199,1.923,0
periodic_null,330,240,199,1.91499999999996,0
periodic_null,331,240,199,1.72200000000009,0
periodic_null,332,240,199,1.72699999999998,0
periodic_null,333,240,199,1.74700000000007,0
periodic_null,334,240,199,1.70900000000006,0
periodic_null,335,240,199,1.77300000000002,0
periodic_null,336,240,199,1.80100000000004,0
periodic_null,337,240,199,1.755,0
periodic_null,338,240,199,1.78399999999999,0
periodic_null,339,240,199,1.80600000000004,0
periodic_null,340,240,199,1.79399999999998,0
periodic_null,341,240,199,1.80499999999995,0
periodic_null,342,240,199,1.74400000000003,0
periodic_null,343,240,199,1.82100000000003,0
periodic_null,344,240,199,1.78500000000008,0
periodic_null,345,240,199,1.88200000000006,0
periodic_null,346,240,199,1.73000000000002,0
periodic_null,347,240,199,1.82799999999997,0
periodic_null,348,240,199,1.73699999999997,0
periodic_null,349,240,199,1.69299999999998,0
periodic_null,350,240,199,1.84900000000005,0
periodic_null,351,240,199,1.774,0
periodic_null,352,240,199,1.80899999999997,0
periodic_null,353,240,199,1.721,0
periodic_null,354,240,199,1.76700000000005,0
periodic_null,355,240,199,1.79300000000001,0
periodic_null,356,240,199,1.82799999999997,0
periodic_null,357,240,199,1.85400000000004,0
periodic_null,358,240,199,1.78899999999999,0
periodic_null,359,240,199,1.79300000000001,0
periodic_null,360,240,199,1.76599999999996,0
periodic_null,361,240,199,1.76700000000005,0
periodic_null,362,240,199,1.81700000000001,0
periodic_null,363,240,199,1.83199999999999,0
periodic_null,364,240,199,1.76999999999998,0
periodic_null,365,240,199,1.98199999999997,0
periodic_null,366,240,199,2.09699999999998,0
periodic_null,367,240,199,1.99900000000002,0
periodic_null,368,240,199,1.98000000000002,0
periodic_null,369,240,199,1.97300000000007,0
periodic_null,370,240,199,1.77499999999998,0
periodic_null,371,240,199,1.87900000000002,0
periodic_null,372,240,199,1.995,0
periodic_null,373,240,199,1.721,0
periodic_null,374,240,199,1.79999999999995,0
periodic_null,375,240,199,1.82299999999998,0
periodic_null,376,240,199,1.99300000000005,0
periodic_null,377,240,199,1.83699999999999,0
periodic_null,378,240,199,1.97399999999993,0
periodic_null,379,240,199,1.82500000000005,0
periodic_null,380,240,199,1.86099999999999,0
periodic_null,381,240,199,1.88700000000006,0
periodic_null,382,240,199,1.79200000000003,0
periodic_null,383,240,199,1.82299999999998,0
periodic_null,384,240,199,1.82500000000005,0
periodic_null,385,240,199,1.89300000000003,0
periodic_null,386,240,199,1.83600000000001,0
periodic_null,387,240,199,1.96500000000003,0
periodic_null,388,240,199,1.822,0
periodic_null,389,240,199,1.96600000000001,0
periodic_null,390,240,199,1.87599999999998,0
periodic_null,391,240,199,2.01700000000005,0
periodic_null,392,240,199,1.88700000000006,0
periodic_null,393,240,199,1.779,0
periodic_null,394,240,199,1.79599999999994,0
periodic_null,395,240,199,1.77200000000005,0
periodic_null,396,240,199,1.875,0
periodic_null,397,240,199,1.83100000000002,0
periodic_null,398,240,199,1.92200000000003,0
periodic_null,399,240,199,1.81399999999996,0
periodic_null,400,240,199,1.82799999999997,0
periodic_null,401,240,199,1.851,0
periodic_null,402,240,199,1.88800000000003,0
periodic_null,403,240,199,1.8660000000001,0
periodic_null,404,240,199,1.8069999999999,0
periodic_null,405,240,199,1.81700000000001,0
periodic_null,406,240,199,1.80000000000007,0
periodic_null,407,240,199,1.90199999999993,0
periodic_null,408,240,199,1.84900000000005,0
periodic_null,409,240,199,2.02199999999993,0
periodic_null,410,240,199,2.04999999999995,0
periodic_null,411,240,199,1.97000000000003,0
periodic_null,412,240,199,1.98000000000002,0
periodic_null,413,240,199,1.91800000000001,0
periodic_null,414,240,199,1.91399999999999,0
periodic_null,415,240,199,1.86400000000003,0
periodic_null,416,240,199,1.90600000000006,0
periodic_null,417,240,199,1.91100000000006,0
periodic_null,418,240,199,1.87900000000002,0
periodic_null,419,240,199,1.74800000000005,0
periodic_null,420,240,199,1.84100000000001,0
periodic_null,421,240,199,1.88299999999992,0
periodic_null,422,240,199,1.86599999999999,0
periodic_null,423,240,199,1.88800000000003,0
periodic_null,424,240,199,1.86699999999996,0
periodic_null,425,240,199,1.97399999999993,0
periodic_null,426,240,199,1.81299999999999,0
periodic_null,427,240,199,1.79899999999998,0
periodic_null,428,240,199,1.83199999999999,0
periodic_null,429,240,199,1.82600000000002,0
periodic_null,430,240,199,2.07099999999991,0
periodic_null,431,240,199,1.81600000000003,0
periodic_null,432,240,199,1.79899999999998,0
periodic_null,433,240,199,1.94100000000003,0
periodic_null,434,240,199,1.7349999999999,0
periodic_null,435,240,199,1.88499999999999,0
periodic_null,436,240,199,1.80899999999997,0
periodic_null,437,240,199,1.80200000000002,0
periodic_null,438,240,199,1.82299999999998,0
periodic_null,439,240,199,1.72900000000004,0
periodic_null,440,240,199,1.82399999999996,0
periodic_null,441,240,199,1.75800000000004,0
periodic_null,442,240,199,1.83899999999994,0
periodic_null,443,240,199,1.73400000000004,0
periodic_null,444,240,199,1.72199999999998,0
periodic_null,445,240,199,1.81100000000004,0
periodic_null,446,240,199,1.89400000000001,0
periodic_null,447,240,199,1.84799999999996,0
periodic_null,448,240,199,1.726,0
periodic_null,449,240,199,1.81500000000005,0
periodic_null,450,240,199,1.78399999999999,0
periodic_null,451,240,199,1.73799999999994,0
periodic_null,452,240,199,1.76400000000001,0
periodic_null,453,240,199,1.82099999999991,0
periodic_null,454,240,199,2.029,0
periodic_null,455,240,199,1.82299999999998,0
periodic_null,456,240,199,1.89400000000001,0
periodic_null,457,240,199,1.79999999999995,0
periodic_null,458,240,199,1.82299999999998,0
periodic_null,459,240,199,1.81499999999994,0
periodic_null,460,240,199,1.822,0
periodic_null,461,240,199,1.95100000000002,0
periodic_null,462,240,199,1.80100000000004,0
periodic_null,463,240,199,1.88999999999999,0
periodic_null,464,240,199,1.87700000000007,0
periodic_null,465,240,199,2.03700000000003,0
periodic_null,466,240,199,1.83799999999997,0
periodic_null,467,240,199,1.81899999999996,0
periodic_null,468,240,199,1.82299999999998,0
periodic_null,469,240,199,1.73500000000001,0
periodic_null,470,240,199,1.82800000000009,0
periodic_null,471,240,199,1.82299999999998,0
periodic_null,472,240,199,1.84799999999996,0
periodic_null,473,240,199,1.77500000000009,0
periodic_null,474,240,199,1.93399999999997,0
periodic_null,475,240,199,1.78100000000006,0
periodic_null,476,240,199,1.88400000000001,0
periodic_null,477,240,199,1.952,0
periodic_null,478,240,199,1.81100000000004,0
periodic_null,479,240,199,1.91200000000003,0
periodic_null,480,240,199,1.96500000000003,0
periodic_null,481,240,199,1.87099999999998,0
periodic_null,482,240,199,1.83100000000002,0
periodic_null,483,240,199,2.01999999999998,0
periodic_null,484,240,199,1.81999999999994,0
periodic_null,485,240,199,1.93100000000004,0
periodic_null,486,240,199,1.80100000000004,0
periodic_null,487,240,199,1.78899999999999,0
periodic_null,488,240,199,1.77199999999993,0
periodic_null,489,240,199,1.803,0
periodic_null,490,240,199,1.875,0
periodic_null,491,240,199,1.83900000000006,0
periodic_null,492,240,199,1.78300000000002,0
periodic_null,493,240,199,1.83000000000004,0
periodic_null,494,240,199,2.06100000000004,0
periodic_null,495,240,199,1.90800000000002,0
periodic_null,496,240,199,1.79500000000007,0
periodic_null,497,240,199,1.82799999999997,0
periodic_null,498,240,199,1.76900000000001,0
periodic_null,499,240,199,1.90300000000002,0
periodic_null,500,240,199,1.85299999999995,0
spline_null,1,2087,199,8.16300000000001,0
spline_null,2,2087,199,8.41399999999999,0
spline_null,3,2087,199,8.43299999999999,0
spline_null,4,2087,199,8.87599999999998,0
spline_null,5,2087,199,8.50199999999995,0
spline_null,6,2087,199,8.76299999999992,0
spline_null,7,2087,199,8.90099999999995,0
spline_null,8,2087,199,8.90800000000002,0
spline_null,9,2087,199,8.43999999999994,0
spline_null,10,2087,199,8.05899999999997,0
spline_null,11,2087,199,8.84199999999998,0
spline_null,12,2087,199,8.78800000000001,0
spline_null,13,2087,199,8.17599999999993,0
spline_null,14,2087,199,8.18400000000008,0
spline_null,15,2087,199,8.26499999999999,0
spline_null,16,2087,199,7.86699999999996,0
spline_null,17,2087,199,8.42499999999995,0
spline_null,18,2087,199,7.971,0
spline_null,19,2087,199,8.60000000000002,0
spline_null,20,2087,199,8.55100000000004,0
spline_null,21,2087,199,8.43499999999995,0
spline_null,22,2087,199,8.65899999999999,0
spline_null,23,2087,199,8.37400000000002,0
spline_null,24,2087,199,8.149,0
spline_null,25,2087,199,8.52499999999998,0
spline_null,26,2087,199,8.49699999999996,0
spline_null,27,2087,199,8.55100000000004,0
spline_null,28,2087,199,8.08799999999997,0
spline_null,29,2087,199,8.21199999999999,0
spline_null,30,2087,199,8.63400000000001,0
spline_null,31,2087,199,8.06100000000004,0
spline_null,32,2087,199,8.00199999999995,0
spline_null,33,2087,199,8.01999999999998,0
spline_null,34,2087,199,8.07299999999998,0
spline_null,35,2087,199,8.4860000000001,0
spline_null,36,2087,199,8.03999999999996,0
spline_null,37,2087,199,8.09800000000007,0
spline_null,38,2087,199,8.42099999999994,0
spline_null,39,2087,199,8.36000000000001,0
spline_null,40,2087,199,8.59700000000009,0
spline_null,41,2087,199,8.73599999999999,0
spline_null,42,2087,199,8.21799999999996,0
spline_null,43,2087,199,8.96100000000001,0
spline_null,44,2087,199,8.38,0
spline_null,45,2087,199,8.38499999999999,0
spline_null,46,2087,199,8.48300000000006,0
spline_null,47,2087,199,8.63699999999994,0
spline_null,48,2087,199,8.87300000000005,0
spline_null,49,2087,199,8.72800000000007,0
spline_null,50,2087,199,8.17700000000002,0
spline_null,51,2087,199,8.40499999999997,0
spline_null,52,2087,199,8.39100000000008,0
spline_null,53,2087,199,8.36900000000003,0
spline_null,54,2087,199,8.24899999999991,0
spline_null,55,2087,199,8.30400000000009,0
spline_null,56,2087,199,8.36500000000001,0
spline_null,57,2087,199,8.00999999999999,0
spline_null,58,2087,199,8.31799999999998,0
spline_null,59,2087,199,7.78200000000004,0
spline_null,60,2087,199,8.231,0
spline_null,61,2087,199,8.82299999999998,0
spline_null,62,2087,199,8.55600000000004,0
spline_null,63,2087,199,8.45299999999997,0
spline_null,64,2087,199,8.94399999999996,0
spline_null,65,2087,199,8.096,0
spline_null,66,2087,199,7.8660000000001,0
spline_null,67,2087,199,8.02800000000002,0
spline_null,68,2087,199,8.37799999999993,0
spline_null,69,2087,199,8.20899999999995,0
spline_null,70,2087,199,8.26400000000001,0
spline_null,71,2087,199,7.851,0
spline_null,72,2087,199,8.226,0
spline_null,73,2087,199,8.07999999999993,0
spline_null,74,2087,199,8.10400000000004,0
spline_null,75,2087,199,8.05599999999993,0
spline_null,76,2087,199,8.45000000000005,0
spline_null,77,2087,199,8.24899999999991,0
spline_null,78,2087,199,8.52100000000007,0
spline_null,79,2087,199,8.53800000000001,0
spline_null,80,2087,199,8.38400000000001,0
spline_null,81,2087,199,8.37800000000004,0
spline_null,82,2087,199,8.05700000000002,0
spline_null,83,2087,199,8.39800000000002,0
spline_null,84,2087,199,7.76699999999994,0
spline_null,85,2087,199,8.28999999999996,0
spline_null,86,2087,199,8.17400000000009,0
spline_null,87,2087,199,8.53700000000003,0
spline_null,88,2087,199,8.15099999999995,0
spline_null,89,2087,199,8.67899999999997,0
spline_null,90,2087,199,8.72299999999996,0
spline_null,91,2087,199,8.56599999999992,0
spline_null,92,2087,199,8.58899999999994,0
spline_null,93,2087,199,8.42899999999997,0
spline_null,94,2087,199,8.52099999999996,0
spline_null,95,2087,199,8.423,0
spline_null,96,2087,199,8.25099999999998,0
spline_null,97,2087,199,24.299,0
spline_null,98,2087,199,26.8249999999999,0
spline_null,99,2087,199,31.198,0
spline_null,100,2087,199,31.9659999999999,0
spline_null,101,2087,199,62.953,0
spline_null,102,2087,199,90.906,0
spline_null,103,2087,199,69.175,0
spline_null,104,2087,199,87.28,0
spline_null,105,2087,199,42.7529999999999,0
spline_null,106,2087,199,56.216,0
spline_null,107,2087,199,29.471,0
spline_null,108,2087,199,54.9369999999999,0
spline_null,109,2087,199,44.298,0
spline_null,110,2087,199,8.28999999999996,0
spline_null,111,2087,199,44.303,0
spline_null,112,2087,199,9.00299999999993,0
spline_null,113,2087,199,8.75800000000004,0
spline_null,114,2087,199,7.90399999999988,0
spline_null,115,2087,199,8.84400000000005,0
spline_null,116,2087,199,8.26699999999994,0
spline_null,117,2087,199,7.80800000000011,0
spline_null,118,2087,199,8.10299999999984,0
spline_null,119,2087,199,8.22400000000005,0
spline_null,120,2087,199,7.7840000000001,0
spline_null,121,2087,199,8.01099999999997,0
spline_null,122,2087,199,7.98000000000002,0
spline_null,123,2087,199,8.27500000000009,0
spline_null,124,2087,199,7.8130000000001,0
spline_null,125,2087,199,8.28800000000001,0
spline_null,126,2087,199,8.22399999999993,0
spline_null,127,2087,199,7.79199999999992,0
spline_null,128,2087,199,8.22299999999996,0
spline_null,129,2087,199,8.65600000000018,0
spline_null,130,2087,199,139.985,0
spline_null,131,2087,199,7.49700000000007,0
spline_null,132,2087,199,140.408,0
spline_null,133,2087,199,141.628,0
spline_null,134,2087,199,86.9479999999999,0
spline_null,135,2087,199,141.564,0
spline_null,136,2087,199,86.4380000000001,0
spline_null,137,2087,199,86.0,0
spline_null,138,2087,199,45.3219999999999,0
spline_null,139,2087,199,85.4880000000001,0
spline_null,140,2087,199,51.0830000000001,0
spline_null,141,2087,199,50.2750000000001,0
spline_null,142,2087,199,48.3480000000002,0
spline_null,143,2087,199,50.925,0
spline_null,144,2087,199,45.203,0
spline_null,145,2087,199,45.1029999999998,0
spline_null,146,2087,199,122.827,0
spline_null,147,2087,199,45.096,0
spline_null,148,2087,199,506.753,0
spline_null,149,2087,199,507.031,0
spline_null,150,2087,199,411.499,0
spline_null,151,2087,199,506.899,0
spline_null,152,2087,199,39.3389999999999,0
spline_null,153,2087,199,36.5260000000001,0
spline_null,154,2087,199,121.395,0
spline_null,155,2087,199,39.837,0
spline_null,156,2087,199,122.16,0
spline_null,157,2087,199,121.672,0
spline_null,158,2087,199,405.376,0
spline_null,159,2087,199,120.402,0
spline_null,160,2087,199,391.873,0
spline_null,161,2087,199,394.896,0
spline_null,162,2087,199,10.366,0
spline_null,163,2087,199,391.346,0
spline_null,164,2087,199,10.4359999999997,0
spline_null,165,2087,199,10.0280000000002,0
spline_null,166,2087,199,10.3249999999998,0
spline_null,167,2087,199,9.5340000000001,0
spline_null,168,2087,199,9.75900000000001,0
spline_null,169,2087,199,9.02199999999993,0
spline_null,170,2087,199,8.9670000000001,0
spline_null,171,2087,199,9.875,0
spline_null,172,2087,199,8.57200000000012,0
spline_null,173,2087,199,8.94399999999996,0
spline_null,174,2087,199,9.51899999999978,0
spline_null,175,2087,199,8.59900000000016,0
spline_null,176,2087,199,9.57200000000012,0
spline_null,177,2087,199,10.5070000000001,0
spline_null,178,2087,199,8.80400000000009,0
spline_null,179,2087,199,8.92599999999993,0
spline_null,180,2087,199,8.44900000000007,0
spline_null,181,2087,199,8.6510000000003,0
spline_null,182,2087,199,7.90200000000004,0
spline_null,183,2087,199,8.80200000000013,0
spline_null,184,2087,199,7.8130000000001,0
spline_null,185,2087,199,8.99900000000025,0
spline_null,186,2087,199,7.85500000000002,0
spline_null,187,2087,199,8.61099999999988,0
spline_null,188,2087,199,8.15599999999995,0
spline_null,189,2087,199,8.42399999999998,0
spline_null,190,2087,199,8.30400000000009,0
spline_null,191,2087,199,8.85500000000002,0
spline_null,192,2087,199,8.37699999999995,0
spline_null,193,2087,199,8.53999999999996,0
spline_null,194,2087,199,8.19599999999991,0
spline_null,195,2087,199,8.38799999999992,0
spline_null,196,2087,199,8.5949999999998,0
spline_null,197,2087,199,8.6869999999999,0
spline_null,198,2087,199,8.98599999999988,0
spline_null,199,2087,199,8.30600000000004,0
spline_null,200,2087,199,8.47000000000025,0
spline_null,201,2087,199,8.91000000000031,0
spline_null,202,2087,199,8.7180000000003,0
spline_null,203,2087,199,9.0260000000003,0
spline_null,204,2087,199,8.24199999999973,0
spline_null,205,2087,199,8.42399999999998,0
spline_null,206,2087,199,8.46099999999979,0
spline_null,207,2087,199,8.55600000000004,0
spline_null,208,2087,199,8.35000000000036,0
spline_null,209,2087,199,8.25999999999976,0
spline_null,210,2087,199,8.36599999999999,0
spline_null,211,2087,199,9.07499999999982,0
spline_null,212,2087,199,8.30600000000004,0
spline_null,213,2087,199,8.20399999999972,0
spline_null,214,2087,199,8.5909999999999,0
spline_null,215,2087,199,8.13200000000006,0
spline_null,216,2087,199,7.89999999999964,0
spline_null,217,2087,199,8.41499999999996,0
spline_null,218,2087,199,7.73000000000002,0
spline_null,219,2087,199,8.10100000000011,0
spline_null,220,2087,199,8.26999999999998,0
spline_null,221,2087,199,8.73900000000003,0
spline_null,222,2087,199,8.10199999999986,0
spline_null,223,2087,199,8.07300000000032,0
spline_null,224,2087,199,7.53099999999995,0
spline_null,225,2087,199,8.07599999999957,0
spline_null,226,2087,199,7.45400000000018,0
spline_null,227,2087,199,8.02399999999989,0
spline_null,228,2087,199,7.84400000000005,0
spline_null,229,2087,199,8.39999999999964,0
spline_null,230,2087,199,8.09199999999964,0
spline_null,231,2087,199,7.82400000000007,0
spline_null,232,2087,199,8.13000000000011,0
spline_null,233,2087,199,7.97200000000021,0
spline_null,234,2087,199,7.74299999999994,0
spline_null,235,2087,199,8.2489999999998,0
spline_null,236,2087,199,8.2529999999997,0
spline_null,237,2087,199,8.14899999999989,0
spline_null,238,2087,199,7.68899999999985,0
spline_null,239,2087,199,8.17099999999982,0
spline_null,240,2087,199,7.92600000000039,0
spline_null,241,2087,199,7.86300000000028,0
spline_null,242,2087,199,7.8760000000002,0
spline_null,243,2087,199,8.0,0
spline_null,244,2087,199,8.01399999999967,0
spline_null,245,2087,199,8.99299999999994,0
spline_null,246,2087,199,8.56399999999985,0
spline_null,247,2087,199,8.97599999999966,0
spline_null,248,2087,199,7.90700000000015,0
spline_null,249,2087,199,8.29399999999987,0
spline_null,250,2087,199,7.99000000000024,0
spline_null,251,2087,199,8.3420000000001,0
spline_null,252,2087,199,8.36599999999999,0
spline_null,253,2087,199,8.17599999999993,0
spline_null,254,2087,199,7.74199999999973,0
spline_null,255,2087,199,7.76800000000003,0
spline_null,256,2087,199,7.65800000000036,0
spline_null,257,2087,199,8.06700000000001,0
spline_null,258,2087,199,8.31399999999985,0
spline_null,259,2087,199,7.85500000000002,0
spline_null,260,2087,199,7.92799999999988,0
spline_null,261,2087,199,8.39199999999983,0
spline_null,262,2087,199,8.11000000000013,0
spline_null,263,2087,199,7.76600000000008,0
spline_null,264,2087,199,7.64400000000023,0
spline_null,265,2087,199,8.42700000000013,0
spline_null,266,2087,199,7.8109999999997,0
spline_null,267,2087,199,8.42100000000028,0
spline_null,268,2087,199,8.24199999999973,0
spline_null,269,2087,199,7.94000000000005,0
spline_null,270,2087,199,8.06600000000026,0
spline_null,271,2087,199,8.02399999999989,0
spline_null,272,2087,199,7.36100000000033,0
spline_null,273,2087,199,7.80099999999993,0
spline_null,274,2087,199,8.00900000000001,0
spline_null,275,2087,199,8.26700000000028,0
spline_null,276,2087,199,7.76299999999992,0
spline_null,277,2087,199,8.14200000000028,0
spline_null,278,2087,199,7.57299999999987,0
spline_null,279,2087,199,8.0029999999997,0
spline_null,280,2087,199,8.21799999999985,0
spline_null,281,2087,199,8.19200000000001,0
spline_null,282,2087,199,8.54899999999998,0
spline_null,283,2087,199,8.29300000000012,0
spline_null,284,2087,199,8.46600000000035,0
spline_null,285,2087,199,8.32200000000012,0
spline_null,286,2087,199,8.00300000000016,0
spline_null,287,2087,199,8.07300000000032,0
spline_null,288,2087,199,8.06700000000001,0
spline_null,289,2087,199,8.06100000000015,0
spline_null,290,2087,199,7.78900000000021,0
spline_null,291,2087,199,8.08099999999968,0
spline_null,292,2087,199,7.86099999999988,0
spline_null,293,2087,199,7.78899999999976,0
spline_null,294,2087,199,8.1289999999999,0
spline_null,295,2087,199,7.85299999999961,0
spline_null,296,2087,199,7.98800000000028,0
spline_null,297,2087,199,7.9670000000001,0
spline_null,298,2087,199,7.97800000000007,0
spline_null,299,2087,199,8.03600000000006,0
spline_null,300,2087,199,7.7489999999998,0
spline_null,301,2087,199,8.1289999999999,0
spline_null,302,2087,199,8.16499999999996,0
spline_null,303,2087,199,7.79500000000007,0
spline_null,304,2087,199,7.88700000000017,0
spline_null,305,2087,199,7.36699999999973,0
spline_null,306,2087,199,7.7539999999999,0
spline_null,307,2087,199,7.86900000000014,0
spline_null,308,2087,199,7.86900000000014,0
spline_null,309,2087,199,7.51600000000008,0
spline_null,310,2087,199,8.02100000000019,0
spline_null,311,2087,199,7.58399999999983,0
spline_null,312,2087,199,7.7239999999997,0
spline_null,313,2087,199,7.78600000000006,0
spline_null,314,2087,199,7.80899999999974,0
spline_null,315,2087,199,7.55700000000024,0
spline_null,316,2087,199,8.6909999999998,0
spline_null,317,2087,199,7.35399999999981,0
spline_null,318,2087,199,7.75500000000011,0
spline_null,319,2087,199,7.8710000000001,0
spline_null,320,2087,199,8.37199999999984,0
spline_null,321,2087,199,7.67000000000007,0
spline_null,322,2087,199,7.99099999999999,0
spline_null,323,2087,199,7.86799999999994,0
spline_null,324,2087,199,7.80699999999979,0
spline_null,325,2087,199,7.57200000000012,0
spline_null,326,2087,199,7.82500000000027,0
spline_null,327,2087,199,8.07200000000012,0
spline_null,328,2087,199,7.75599999999986,0
spline_null,329,2087,199,7.44799999999987,0
spline_null,330,2087,199,8.29300000000012,0
spline_null,331,2087,199,7.86899999999969,0
spline_null,332,2087,199,7.52099999999973,0
spline_null,333,2087,199,7.25300000000016,0
spline_null,334,2087,199,8.34799999999996,0
spline_null,335,2087,199,7.9359999999997,0
spline_null,336,2087,199,7.88700000000017,0
spline_null,337,2087,199,7.34799999999996,0
spline_null,338,2087,199,7.73100000000022,0
spline_null,339,2087,199,8.08500000000004,0
spline_null,340,2087,199,7.41699999999992,0
spline_null,341,2087,199,8.02099999999973,0
spline_null,342,2087,199,8.0609999999997,0
spline_null,343,2087,199,7.89200000000028,0
spline_null,344,2087,199,7.87300000000005,0
spline_null,345,2087,199,7.76700000000028,0
spline_null,346,2087,199,7.92300000000023,0
spline_null,347,2087,199,7.95600000000013,0
spline_null,348,2087,199,8.0,0
spline_null,349,2087,199,7.41199999999981,0
spline_null,350,2087,199,8.15299999999979,0
spline_null,351,2087,199,7.85300000000007,0
spline_null,352,2087,199,7.41600000000017,0
spline_null,353,2087,199,7.6210000000001,0
spline_null,354,2087,199,7.88400000000001,0
spline_null,355,2087,199,8.44299999999976,0
spline_null,356,2087,199,7.64199999999983,0
spline_null,357,2087,199,7.80499999999984,0
spline_null,358,2087,199,7.82099999999991,0
spline_null,359,2087,199,8.04899999999998,0
spline_null,360,2087,199,7.92299999999977,0
spline_null,361,2087,199,7.91100000000006,0
spline_null,362,2087,199,8.14399999999978,0
spline_null,363,2087,199,7.40200000000004,0
spline_null,364,2087,199,7.82500000000027,0
spline_null,365,2087,199,8.19799999999987,0
spline_null,366,2087,199,7.74099999999999,0
spline_null,367,2087,199,8.05000000000018,0
spline_null,368,2087,199,8.11900000000014,0
spline_null,369,2087,199,7.84199999999964,0
spline_null,370,2087,199,7.82999999999993,0
spline_null,371,2087,199,7.8090000000002,0
spline_null,372,2087,199,8.07300000000032,0
spline_null,373,2087,199,7.48000000000002,0
spline_null,374,2087,199,8.15000000000009,0
spline_null,375,2087,199,7.94499999999971,0
spline_null,376,2087,199,7.71500000000015,0
spline_null,377,2087,199,8.23199999999997,0
spline_null,378,2087,199,7.76299999999992,0
spline_null,379,2087,199,7.88599999999997,0
spline_null,380,2087,199,7.65499999999975,0
spline_null,381,2087,199,7.76099999999997,0
spline_null,382,2087,199,7.76499999999987,0
spline_null,383,2087,199,8.07499999999982,0
spline_null,384,2087,199,7.84799999999996,0
spline_null,385,2087,199,7.5340000000001,0
spline_null,386,2087,199,7.85199999999986,0
spline_null,387,2087,199,8.18100000000004,0
spline_null,388,2087,199,7.83399999999983,0
spline_null,389,2087,199,7.75599999999986,0
spline_null,390,2087,199,8.13400000000001,0
spline_null,391,2087,199,8.12300000000005,0
spline_null,392,2087,199,7.91499999999996,0
spline_null,393,2087,199,8.09700000000021,0
spline_null,394,2087,199,7.99699999999984,0
spline_null,395,2087,199,7.90299999999979,0
spline_null,396,2087,199,7.27500000000009,0
spline_null,397,2087,199,7.88799999999992,0
spline_null,398,2087,199,8.22700000000032,0
spline_null,399,2087,199,7.74099999999999,0
spline_null,400,2087,199,7.48900000000003,0
spline_null,401,2087,199,8.0329999999999,0
spline_null,402,2087,199,7.83799999999974,0
spline_null,403,2087,199,7.73300000000017,0
spline_null,404,2087,199,7.80999999999995,0
spline_null,405,2087,199,9.02300000000014,0
spline_null,406,2087,199,7.75,0
spline_null,407,2087,199,8.11999999999989,0
spline_null,408,2087,199,8.37400000000025,0
spline_null,409,2087,199,7.94900000000007,0
spline_null,410,2087,199,7.99399999999969,0
spline_null,411,2087,199,8.13000000000011,0
spline_null,412,2087,199,8.26999999999998,0
spline_null,413,2087,199,8.10100000000011,0
spline_null,414,2087,199,7.62800000000016,0
spline_null,415,2087,199,8.43200000000024,0
spline_null,416,2087,199,7.80799999999999,0
spline_null,417,2087,199,7.73399999999992,0
spline_null,418,2087,199,9.11099999999988,0
spline_null,419,2087,199,7.86599999999999,0
spline_null,420,2087,199,8.20900000000029,0
spline_null,421,2087,199,8.27100000000019,0
spline_null,422,2087,199,8.10899999999992,0
spline_null,423,2087,199,7.93199999999979,0
spline_null,424,2087,199,7.95100000000002,0
spline_null,425,2087,199,8.19300000000021,0
spline_null,426,2087,199,7.93299999999999,0
spline_null,427,2087,199,7.77799999999979,0
spline_null,428,2087,199,8.01199999999972,0
spline_null,429,2087,199,8.12999999999965,0
spline_null,430,2087,199,7.98199999999997,0
spline_null,431,2087,199,8.0260000000003,0
spline_null,432,2087,199,7.83000000000038,0
spline_null,433,2087,199,7.49200000000019,0
spline_null,434,2087,199,7.53499999999985,0
spline_null,435,2087,199,8.00699999999961,0
spline_null,436,2087,199,7.69799999999987,0
spline_null,437,2087,199,7.98300000000017,0
spline_null,438,2087,199,7.94200000000001,0
spline_null,439,2087,199,7.9659999999999,0
spline_null,440,2087,199,7.9380000000001,0
spline_null,441,2087,199,7.45100000000002,0
spline_null,442,2087,199,7.64399999999978,0
spline_null,443,2087,199,7.87800000000016,0
spline_null,444,2087,199,7.71900000000005,0
spline_null,445,2087,199,7.82900000000018,0
spline_null,446,2087,199,7.98000000000002,0
spline_null,447,2087,199,8.14199999999983,0
spline_null,448,2087,199,7.6840000000002,0
spline_null,449,2087,199,7.75599999999986,0
spline_null,450,2087,199,7.90700000000015,0
spline_null,451,2087,199,8.28600000000006,0
spline_null,452,2087,199,7.63999999999987,0
spline_null,453,2087,199,7.971,0
spline_null,454,2087,199,8.17799999999988,0
spline_null,455,2087,199,8.09500000000025,0
spline_null,456,2087,199,8.05699999999979,0
spline_null,457,2087,199,7.99400000000014,0
spline_null,458,2087,199,7.69300000000021,0
spline_null,459,2087,199,7.9659999999999,0
spline_null,460,2087,199,8.30899999999974,0
spline_null,461,2087,199,7.98399999999992,0
spline_null,462,2087,199,7.95499999999993,0
spline_null,463,2087,199,7.7199999999998,0
spline_null,464,2087,199,7.97800000000007,0
spline_null,465,2087,199,8.10100000000011,0
spline_null,466,2087,199,7.82299999999987,0
spline_null,467,2087,199,8.26200000000017,0
spline_null,468,2087,199,8.20600000000013,0
spline_null,469,2087,199,7.94799999999987,0
spline_null,470,2087,199,8.11400000000003,0
spline_null,471,2087,199,8.28699999999981,0
spline_null,472,2087,199,8.24299999999994,0
spline_null,473,2087,199,8.09599999999955,0
spline_null,474,2087,199,8.1210000000001,0
spline_null,475,2087,199,8.03800000000001,0
spline_null,476,2087,199,7.74299999999994,0
spline_null,477,2087,199,7.89899999999989,0
spline_null,478,2087,199,7.81600000000026,0
spline_null,479,2087,199,7.95600000000013,0
spline_null,480,2087,199,7.94599999999991,0
spline_null,481,2087,199,8.04100000000017,0
spline_null,482,2087,199,8.0989999999997,0
spline_null,483,2087,199,8.096,0
spline_null,484,2087,199,7.98700000000008,0
spline_null,485,2087,199,7.86499999999978,0
spline_null,486,2087,199,7.92700000000013,0
spline_null,487,2087,199,7.58600000000024,0
spline_null,488,2087,199,8.19900000000007,0
spline_null,489,2087,199,7.9390000000003,0
spline_null,490,2087,199,8.28699999999981,0
spline_null,491,2087,199,7.80699999999979,0
spline_null,492,2087,199,8.01399999999967,0
spline_null,493,2087,199,7.91199999999981,0
spline_null,494,2087,199,7.87300000000005,0
spline_null,495,2087,199,8.16499999999996,0
spline_null,496,2087,199,7.95199999999977,0
spline_null,497,2087,199,8.09799999999996,0
spline_null,498,2087,199,7.61400000000003,0
spline_null,499,2087,199,8.19100000000026,0
spline_null,500,2087,199,7.73199999999997,0
